Epoca,Longitud,Latitud
1991-01-01 00:00:00,110.3787393272358,7.6506810119861655
1991-01-01 00:01:00,109.59215425184962,4.136652844399447
1991-01-01 00:02:00,108.81045276172,0.6232523605252834
1991-01-01 00:03:00,108.02961870561498,-2.8892238066551075
1991-01-01 00:04:00,107.2456291021134,-6.400485320741147
1991-01-01 00:05:00,106.45438583771328,-9.91023821679426
1991-01-01 00:06:00,105.65156540266997,-13.418175563188619
1991-01-01 00:07:00,104.83248911740205,-16.923967376409948
1991-01-01 00:08:00,103.99195237776193,-20.42724824133765
1991-01-01 00:09:00,103.12401974936091,-23.92760066265871
1991-01-01 00:10:00,102.2217790807589,-27.424532866752884
1991-01-01 00:11:00,101.27699999400606,-30.917462579993433
1991-01-01 00:12:00,100.27968992234665,-34.40567092497021
1991-01-01 00:13:00,99.21748622338295,-37.88826143935465
1991-01-01 00:14:00,98.07478191486148,-41.36408665136619
1991-01-01 00:15:00,96.83148941043322,-44.831664409954946
1991-01-01 00:16:00,95.46123734971277,-48.289010545167024
1991-01-01 00:17:00,93.92858388109693,-51.73344762284777
1991-01-01 00:18:00,92.18476828410097,-55.16122586914286
1991-01-01 00:19:00,90.16083979905362,-58.56698700064842
1991-01-01 00:20:00,87.75631268288565,-61.942794337548875
1991-01-01 00:21:00,84.819645528482,-65.27645257708119
1991-01-01 00:22:00,81.11358488483307,-68.5483659065166
1991-01-01 00:23:00,76.2518084222938,-71.72538058762383
1991-01-01 00:24:00,69.5839182073389,-74.74806031424546
1991-01-01 00:25:00,60.011141708188404,-77.50387088961635
1991-01-01 00:26:00,45.87059423932183,-79.77455361880875
1991-01-01 00:27:00,25.823999270618163,-81.17701002146582
1991-01-01 00:28:00,2.20376544490308,-81.28130701009191
1991-01-01 00:29:00,-18.65744035945521,-80.04619707228933
1991-01-01 00:30:00,-33.6250827556753,-77.8739168784693
1991-01-01 00:31:00,-43.756152087393474,-75.17041189176237
1991-01-01 00:32:00,-50.77031240270052,-72.17546273317099
1991-01-01 00:33:00,-55.849531352561726,-69.01318760029264
1991-01-01 00:34:00,-59.697321836582994,-65.74866453553919
1991-01-01 00:35:00,-62.730151224311264,-62.417915956593305
1991-01-01 00:36:00,-65.20235868496489,-59.04206080836865
1991-01-01 00:37:00,-67.27545770184716,-55.634175488031225
1991-01-01 00:38:00,-69.05598556563194,-52.20270210939516
1991-01-01 00:39:00,-70.61669745135819,-48.75333363513366
1991-01-01 00:40:00,-72.00881294761184,-45.290045235343676
1991-01-01 00:41:00,-73.26944047215359,-41.81567143853076
1991-01-01 00:42:00,-74.42608519677106,-38.332315942959276
1991-01-01 00:43:00,-75.49963383994616,-34.84155993742208
1991-01-01 00:44:00,-76.50628078020098,-31.344626025780617
1991-01-01 00:45:00,-77.45879847128344,-27.842478972255133
1991-01-01 00:46:00,-78.36750732902945,-24.335897418411022
1991-01-01 00:47:00,-79.24086312763147,-20.825525109577555
1991-01-01 00:48:00,-80.08596926382631,-17.311903338246452
1991-01-01 00:49:00,-80.90889094559697,-13.79550082614951
1991-01-01 00:50:00,-81.71494889030684,-10.276735068599743
1991-01-01 00:51:00,-82.50890373980747,-6.755984287322439
1991-01-01 00:52:00,-83.29514730573514,-3.2336034387110315
1991-01-01 00:53:00,-84.07782551291608,0.2900667948692022
1991-01-01 00:54:00,-84.86098183333891,3.814689252869271
1991-01-01 00:55:00,-85.6486802295598,7.339921918902571
1991-01-01 00:56:00,-86.44512126791831,10.86540858259563
1991-01-01 00:57:00,-87.25477189213161,14.3907680340154
1991-01-01 00:58:00,-88.08254300821298,17.915586192943447
1991-01-01 00:59:00,-88.93391242787672,21.439396898968912
1991-01-01 01:00:00,-89.81521173648348,24.96167251997842
1991-01-01 01:01:00,-90.73386534966102,28.48179321630479
1991-01-01 01:02:00,-91.69880032465457,31.999029865254123
1991-01-01 01:03:00,-92.72092447356863,35.512489419592434
1991-01-01 01:04:00,-93.8138845143649,39.02107563395795
1991-01-01 01:05:00,-94.99502229734604,42.52340197994914
1991-01-01 01:06:00,-96.28687061658391,46.01767553290889
1991-01-01 01:07:00,-97.71933887045401,49.5015262171952
1991-01-01 01:08:00,-99.33303936376122,52.97173701370899
1991-01-01 01:09:00,-101.18454655340076,56.42382390326016
1991-01-01 01:10:00,-103.35498942633406,59.851315281610106
1991-01-01 01:11:00,-105.96451784025079,63.24453277070493
1991-01-01 01:12:00,-109.19758105368716,66.5883611619114
1991-01-01 01:13:00,-113.34871731422162,69.85802052892069
1991-01-01 01:14:00,-118.90692718529206,73.0104875101509
1991-01-01 01:15:00,-126.7055961984776,75.96649093009486
1991-01-01 01:16:00,-138.12615060398082,78.57252228715654
1991-01-01 01:17:00,-154.97417822965127,80.53506786213299
1991-01-01 01:18:00,-177.46681078920366,81.40185984894264
1991-01-01 01:19:00,159.2251786860405,80.85613456444779
1991-01-01 01:20:00,140.92416491823323,79.10856919359749
1991-01-01 01:21:00,128.38743465894487,76.6225305998746
1991-01-01 01:22:00,119.88528348200468,73.73352450549928
1991-01-01 01:23:00,113.89233207026292,70.62130782904795
1991-01-01 01:24:00,109.46421114831695,67.37817691677499
1991-01-01 01:25:00,106.04740901601807,64.05351403637958
1991-01-01 01:26:00,103.31120791375427,60.67537760497214
1991-01-01 01:27:00,101.05044261923673,57.26063477470802
1991-01-01 01:28:00,99.13268259464806,53.81997479163829
1991-01-01 01:29:00,97.46922417323731,50.360460071364734
1991-01-01 01:30:00,95.99865029398771,46.88694004819807
1991-01-01 01:31:00,94.67716578394116,43.40285030729081
1991-01-01 01:32:00,93.47271656532277,39.910697528068354
1991-01-01 01:33:00,92.36126037225411,36.41236342764703
1991-01-01 01:34:00,91.32438984492198,32.90927551556338
1991-01-01 01:35:00,90.34771377474517,29.40256418812504
1991-01-01 01:36:00,89.41975061372891,25.893113954829523
1991-01-01 01:37:00,88.53117032346692,22.38165393837073
1991-01-01 01:38:00,87.67424112981878,18.86878348784833
1991-01-01 01:39:00,86.84241971155961,15.355009744808195
1991-01-01 01:40:00,86.03005750224581,11.840763864941684
1991-01-01 01:41:00,85.23214114302658,8.326428338842316
1991-01-01 01:42:00,84.4441422184822,4.812346810402707
1991-01-01 01:43:00,83.66182601132728,1.2988335750463849
1991-01-01 01:44:00,82.88114221938399,-2.2138128666155805
1991-01-01 01:45:00,82.09807469142038,-5.725301911378346
1991-01-01 01:46:00,81.30855946488026,-9.235340394716129
1991-01-01 01:47:00,80.50832084134322,-12.743626080758158
1991-01-01 01:48:00,79.69276210349786,-16.249834535518858
1991-01-01 01:49:00,78.85679476041248,-19.7536071740668
1991-01-01 01:50:00,77.99463364186012,-23.25453674637273
1991-01-01 01:51:00,77.0995919926433,-26.75215026183661
1991-01-01 01:52:00,76.16371264237898,-30.245884229851928
1991-01-01 01:53:00,75.17738551490496,-33.73504880131251
1991-01-01 01:54:00,74.12876706220041,-37.21878678747751
1991-01-01 01:55:00,73.0029469813072,-40.69600877317432
1991-01-01 01:56:00,71.78083489349517,-44.16530090924475
1991-01-01 01:57:00,70.43743230640203,-47.624791723856205
1991-01-01 01:58:00,68.93932593460812,-51.071960877204965
1991-01-01 01:59:00,67.24073985029598,-54.503297652057626
1991-01-01 02:00:00,65.27732684129495,-57.9138160103201
1991-01-01 02:01:00,62.955854825434336,-61.2961734986346
1991-01-01 02:02:00,60.136687415322406,-64.63917543695149
1991-01-01 02:03:00,56.60283633121702,-67.92500869191538
1991-01-01 02:04:00,52.00359526490012,-71.12383216704247
1991-01-01 02:05:00,45.75162941945314,-74.1827733679677
1991-01-01 02:06:00,36.850660081781335,-77.00265111775332
1991-01-01 02:07:00,23.73308541283321,-79.39094970445333
1991-01-01 02:08:00,4.814478683197398,-80.99715748024104
1991-01-01 02:09:00,-18.56946923049274,-81.37247637513325
1991-01-01 02:10:00,-40.38765646799951,-80.3714848315112
1991-01-01 02:11:00,-56.47826392603974,-78.34315770463836
1991-01-01 02:12:00,-67.39524555951084,-75.71836381792664
1991-01-01 02:13:00,-74.898857230741,-72.76720983229339
1991-01-01 02:14:00,-80.28382618370324,-69.63076647485602
1991-01-01 02:15:00,-84.32944285175017,-66.38244461881385
1991-01-01 02:16:00,-87.49548824905038,-63.06242626705405
1991-01-01 02:17:00,-90.06077752771294,-59.69401602502471
1991-01-01 02:18:00,-92.20103096451477,-56.29149240318574
1991-01-01 02:19:00,-94.03135090734894,-52.86401127011955
1991-01-01 02:20:00,-95.62982007880703,-49.41769930551163
1991-01-01 02:21:00,-97.05112780357332,-45.95680147193115
1991-01-01 02:22:00,-98.33465695240211,-42.48434354318042
1991-01-01 02:23:00,-99.50950413115767,-39.00254191564512
1991-01-01 02:24:00,-100.59765571877826,-35.5130665705773
1991-01-01 02:25:00,-101.61608473535134,-32.01720158354094
1991-01-01 02:26:00,-102.57815103089348,-28.5159561149859
1991-01-01 02:27:00,-103.49457800240161,-25.01013783478154
1991-01-01 02:28:00,-104.37414927314833,-21.50041268637193
1991-01-01 02:29:00,-105.22418680592394,-17.987340745269016
1991-01-01 02:30:00,-106.05094705400813,-14.471405247356572
1991-01-01 02:31:00,-106.85986684798026,-10.953028810589494
1991-01-01 02:32:00,-107.65580928252935,-7.432598194429535
1991-01-01 02:33:00,-108.44320715042676,-3.910471556921298
1991-01-01 02:34:00,-109.22625418782287,-0.38699160814247313
1991-01-01 02:35:00,-110.00901435727384,3.137504598079656
1991-01-01 02:36:00,-110.79552430057915,6.662675792410426
1991-01-01 02:37:00,-111.5899504331325,10.188168859405833
1991-01-01 02:38:00,-112.39670505713772,13.713610273095643
1991-01-01 02:39:00,-113.22059662577051,17.23858979524283
1991-01-01 02:40:00,-114.06697317715098,20.762654925814882
1991-01-01 02:41:00,-114.94198871172132,24.285290839303105
1991-01-01 02:42:00,-115.85283541867754,27.805896479060547
1991-01-01 02:43:00,-116.80810567599552,31.323766628055395
1991-01-01 02:44:00,-117.81829065424041,34.83804238999953
1991-01-01 02:45:00,-118.89643601472692,38.34767703840264
1991-01-01 02:46:00,-120.05907081524649,41.851338686376565
1991-01-01 02:47:00,-121.32761452903628,45.34733003191257
1991-01-01 02:48:00,-122.73031681850345,48.83340394277372
1991-01-01 02:49:00,-124.30539942224341,52.30654147534686
1991-01-01 02:50:00,-126.10585094783711,55.76253864819786
1991-01-01 02:51:00,-128.20719962712656,59.19537806466793
1991-01-01 02:52:00,-130.72054531715116,62.59613608260645
1991-01-01 02:53:00,-133.81526304894894,65.95098839913331
1991-01-01 02:54:00,-137.75973827576632,69.23748418244668
1991-01-01 02:55:00,-142.99638967090172,72.4171216561952
1991-01-01 02:56:00,-150.2770844581902,75.41970696627867
1991-01-01 02:57:00,-160.865366652949,78.11033704640013
1991-01-01 02:58:00,-176.55067751582985,80.22792791553586
1991-01-01 02:59:00,161.8402941946983,81.34153561819308
1991-01-01 03:00:00,138.1309180760215,81.06776797588063
1991-01-01 03:01:00,118.65459267659512,79.515115713375
1991-01-01 03:02:00,105.12647411965773,77.13909097661349
1991-01-01 03:03:00,95.98700482145284,74.30976707520574
1991-01-01 03:04:00,89.60108530600357,71.23140764647017
1991-01-01 03:05:00,84.92455723413339,68.00869216962637
1991-01-01 03:06:00,81.3443086749961,64.69707495054568
1991-01-01 03:07:00,78.49622907412751,61.3276743310867
1991-01-01 03:08:00,76.1561447927786,57.91902744465681
1991-01-01 03:09:00,74.18044427346072,54.482742197750476
1991-01-01 03:10:00,72.47357316968537,51.02645474185975
1991-01-01 03:11:00,70.96979091069117,47.555356020753855
1991-01-01 03:12:00,69.62245413463611,44.07311384601709
1991-01-01 03:13:00,68.39759631077773,40.58238857633116
1991-01-01 03:14:00,67.26985011653858,37.085154136366214
1991-01-01 03:15:00,66.21987928637837,33.58291999792881
1991-01-01 03:16:00,65.23260959279888,30.076864368650792
1991-01-01 03:17:00,64.29606771418507,26.567916154259272
1991-01-01 03:18:00,63.40056844229387,23.056830090657538
1991-01-01 03:19:00,62.538099965228845,19.544224309965475
1991-01-01 03:20:00,61.701920886279204,16.030623029201884
1991-01-01 03:21:00,60.88623237483961,12.51647106443646
1991-01-01 03:22:00,60.08590495884336,9.002158590225541
1991-01-01 03:23:00,59.29634192097906,5.488035653764089
1991-01-01 03:24:00,58.51325390244792,1.9744209260655687
1991-01-01 03:25:00,57.73257011050464,-1.5383847443814225
1991-01-01 03:26:00,56.9502812241064,-5.050089900598395
1991-01-01 03:27:00,56.16233011088622,-8.560403299050272
1991-01-01 03:28:00,55.36450595922078,-12.069024518135278
1991-01-01 03:29:00,54.55227693859579,-15.575635100283362
1991-01-01 03:30:00,53.72066042601172,-19.07988243697862
1991-01-01 03:31:00,52.864031760687055,-22.581372084796488
1991-01-01 03:32:00,51.97588860253196,-26.07964642106257
1991-01-01 03:33:00,51.04855723401391,-29.57415903064327
1991-01-01 03:34:00,50.072782748807555,-33.06424909273638
1991-01-01 03:35:00,49.03719629703939,-36.54909356954693
1991-01-01 03:36:00,47.9275671795737,-40.02765768741565
1991-01-01 03:37:00,46.725710017745335,-43.49859248398146
1991-01-01 03:38:00,45.40793430041809,-46.960139185533095
1991-01-01 03:39:00,43.94269479891028,-50.40991064095563
1991-01-01 03:40:00,42.28699205730207,-53.844621529258276
1991-01-01 03:41:00,40.3806896750461,-57.259627321805446
1991-01-01 03:42:00,38.13718426856118,-60.64812515018379
1991-01-01 03:43:00,35.42764480972254,-63.999835579692444
1991-01-01 03:44:00,32.05331620877738,-67.29850959029595
1991-01-01 03:45:00,27.695394263573494,-70.51725672723198
1991-01-01 03:46:00,21.82315107748608,-73.60891453428157
1991-01-01 03:47:00,13.535239029147114,-76.48596096742018
1991-01-01 03:48:00,1.373034509033582,-78.9788980522048
1991-01-01 03:49:00,-16.380627535482724,-80.77082550171433
1991-01-01 03:50:00,-39.275715331499775,-81.41083471751203
1991-01-01 03:51:00,-61.88910905067258,-80.65870794648856
1991-01-01 03:52:00,-79.1381097617578,-78.79090392548937
1991-01-01 03:53:00,-90.9100022679773,-76.25461563004268
1991-01-01 03:54:00,-98.95061024194304,-73.35229066678585
1991-01-01 03:55:00,-104.6695071434272,-70.24429504724158
1991-01-01 03:56:00,-108.92955077027752,-67.01361556982555
1991-01-01 03:57:00,-112.23890036655375,-63.705174388708926
1991-01-01 03:58:00,-114.90365769009921,-60.34472131706266
1991-01-01 03:59:00,-117.115259282971,-56.94789065789689
1991-01-01 04:00:00,-118.99821949373845,-53.524623751548596
1991-01-01 04:01:00,-120.63644036616601,-50.08152539094517
1991-01-01 04:02:00,-122.08837465917064,-46.6231308216955
1991-01-01 04:03:00,-123.39587777198618,-43.152667308182416
1991-01-01 04:04:00,-124.58974019739105,-39.67248102038582
1991-01-01 04:05:00,-125.69311627667159,-36.18433756220615
1991-01-01 04:06:00,-126.72381914318319,-32.68957906581534
1991-01-01 04:07:00,-127.6958233639677,-29.189260795440127
1991-01-01 04:08:00,-128.62028946812893,-25.68422969453761
1991-01-01 04:09:00,-129.506342588398,-22.175172197119366
1991-01-01 04:10:00,-130.36155057437531,-18.662668869264856
1991-01-01 04:11:00,-131.19234746425897,-15.147214899688898
1991-01-01 04:12:00,-132.00430669241175,-11.629242297856498
1991-01-01 04:13:00,-132.80238697617105,-8.109144653418577
1991-01-01 04:14:00,-133.59110990076746,-4.587283966401148
1991-01-01 04:15:00,-134.37468286272966,-1.064006548739469
1991-01-01 04:16:00,-135.15719031518134,2.4603508925847177
1991-01-01 04:17:00,-135.9426620697328,5.985448022051676
1991-01-01 04:18:00,-136.7352372210211,9.510935112631559
1991-01-01 04:19:00,-137.53927342973665,13.036442266892129
1991-01-01 04:20:00,-138.35946986602846,16.561567784332826
1991-01-01 04:21:00,-139.20108577555743,20.085868556431244
1991-01-01 04:22:00,-140.07009074365814,23.608842564283385
1991-01-01 04:23:00,-140.9734379029057,27.1299092418098
1991-01-01 04:24:00,-141.9194327633308,30.64838044745161
1991-01-01 04:25:00,-142.91814302377006,34.16343826605571
1991-01-01 04:26:00,-143.98208159078294,37.67407012207764
1991-01-01 04:27:00,-145.12701254097385,41.17900560033178
1991-01-01 04:28:00,-146.37326251731272,44.676632776173996
1991-01-01 04:29:00,-147.747605861346,48.164824045677854
1991-01-01 04:30:00,-149.28601034924299,51.640731219959434
1991-01-01 04:31:00,-151.0381724374047,55.100420110056824
1991-01-01 04:32:00,-153.07444307428227,58.538293375945194
1991-01-01 04:33:00,-155.49775321066778,61.946093318917995
1991-01-01 04:34:00,-158.46381749925916,65.31115676825402
1991-01-01 04:35:00,-162.2175665236931,68.61311609984831
1991-01-01 04:36:00,-167.15975480333094,71.81741738668975
1991-01-01 04:37:00,-173.9686201227549,74.86179662430452
1991-01-01 04:38:00,176.20612179295938,77.62762708718782
1991-01-01 04:39:00,161.63817523677926,79.88383664552896
1991-01-01 04:40:00,141.0575994938586,81.22818862891673
1991-01-01 04:41:00,117.21317687491229,81.23107779893563
1991-01-01 04:42:00,96.61351075326144,79.89174600458783
1991-01-01 04:43:00,82.02639185608109,77.63943648426277
1991-01-01 04:44:00,72.18834446994563,74.877082587667
1991-01-01 04:45:00,65.37163809335449,71.83628919936649
1991-01-01 04:46:00,60.42462086997346,68.63597674300034
1991-01-01 04:47:00,56.66781192079135,65.3385185060691
1991-01-01 04:48:00,53.699749801867725,61.97852305709721
1991-01-01 04:49:00,51.2751453446345,58.57638534094635
1991-01-01 04:50:00,49.23802776429986,55.14475486795938
1991-01-01 04:51:00,47.48535682704498,51.69187909155907
1991-01-01 04:52:00,45.946662056108266,48.22334169139194
1991-01-01 04:53:00,44.572233334710354,44.74304270547403
1991-01-01 04:54:00,43.326037999884846,41.25380983212175
1991-01-01 04:55:00,42.18129829499071,37.75773310922112
1991-01-01 04:56:00,41.11767050158506,34.25639714065958
1991-01-01 04:57:00,40.11936663740141,30.751034775582315
1991-01-01 04:58:00,39.173897701542394,27.24261419330418
1991-01-01 04:59:00,38.271182334793075,23.731922573127015
1991-01-01 05:00:00,37.40292527240647,20.219600245285505
1991-01-01 05:01:00,36.562176796902094,16.70618850227138
1991-01-01 05:02:00,35.74296390785076,13.192145820532678
1991-01-01 05:03:00,34.94006492563201,9.677870058588548
1991-01-01 05:04:00,34.14877726500227,6.163717666936301
1991-01-01 05:05:00,33.364770586027774,2.650012866118101
1991-01-01 05:06:00,32.583939945017335,-0.8629409340565145
1991-01-01 05:07:00,31.802272605833565,-4.374850995948588
1991-01-01 05:08:00,31.01573875686616,-7.885427783570333
1991-01-01 05:09:00,30.220154907248492,-11.39437258286727
1991-01-01 05:10:00,29.41107118873629,-14.901370778250751
1991-01-01 05:11:00,28.583600600978414,-18.406079152714987
1991-01-01 05:12:00,27.732261917165932,-21.90811180057187
1991-01-01 05:13:00,26.85073891986387,-25.40702475952535
1991-01-01 05:14:00,25.9316123160863,-28.90229039746204
1991-01-01 05:15:00,24.965967001419067,-32.39327521433643
1991-01-01 05:16:00,23.94289516375766,-35.87918861575208
1991-01-01 05:17:00,22.848785943633533,-39.35904363937393
1991-01-01 05:18:00,21.66631627376425,-42.831559624732606
1991-01-01 05:19:00,20.373008001591284,-46.29506659057603
1991-01-01 05:20:00,18.939059304218592,-49.74732081976186
1991-01-01 05:21:00,17.324038876854274,-53.185238481879836
1991-01-01 05:22:00,15.471686451304938,-56.604482406806994
1991-01-01 05:23:00,13.301460436877795,-59.99874491484483
1991-01-01 05:24:00,10.69432856558609,-63.35856960908746
1991-01-01 05:25:00,7.467984550745725,-66.66912131865762
1991-01-01 05:26:00,3.332207678107332,-69.9060982304884
1991-01-01 05:27:00,-2.1929918887044426,-73.02735807740083
1991-01-01 05:28:00,-9.921975896882927,-75.95551481609866
1991-01-01 05:29:00,-21.198987900562805,-78.54147907737884
1991-01-01 05:30:00,-37.78608522446584,-80.50131989744396
1991-01-01 05:31:00,-59.9699146863582,-81.39568535793295
1991-01-01 05:32:00,-83.17275714599769,-80.90427373771803
1991-01-01 05:33:00,-101.5913799411234,-79.21449859743522
1991-01-01 05:34:00,-114.28848304212367,-76.77774664876313
1991-01-01 05:35:00,-122.91820166219217,-73.92996757621802
1991-01-01 05:36:00,-129.00226096727272,-70.85338399666664
1991-01-01 05:37:00,-133.49507744103707,-67.64196565271004
1991-01-01 05:38:00,-136.95881663331227,-64.34601688758538
1991-01-01 05:39:00,-139.7299746437482,-60.99408789202327
1991-01-01 05:40:00,-142.01745963829882,-57.603315610651315
1991-01-01 05:41:00,-143.95611321155857,-54.18450881783104
1991-01-01 05:42:00,-145.63623046435498,-50.744784570677595
1991-01-01 05:43:00,-147.12032128797202,-47.28901279406921
1991-01-01 05:44:00,-148.4529185157982,-43.82062907315839
1991-01-01 05:45:00,-149.66664313130946,-40.34212301189762
1991-01-01 05:46:00,-150.7858925702211,-36.8553592519303
1991-01-01 05:47:00,-151.8293952112373,-33.36174481222546
1991-01-01 05:48:00,-152.81174033842524,-29.862389598523222
1991-01-01 05:49:00,-153.74459391488725,-26.358169582584644
1991-01-01 05:50:00,-154.63740892243462,-22.849801934272573
1991-01-01 05:51:00,-155.49802641823456,-19.337886002686684
1991-01-01 05:52:00,-156.33305802540366,-15.822927221825552
1991-01-01 05:53:00,-157.14824110284468,-12.305372115306168
1991-01-01 05:54:00,-157.94862999054345,-8.78562024919498
1991-01-01 05:55:00,-158.73881457562223,-5.264039173046697
1991-01-01 05:56:00,-159.52307055650144,-1.7409761592919342
1991-01-01 05:57:00,-160.30546872592637,1.7832302708185719
1991-01-01 05:58:00,-161.09005255588576,5.308240742260435
1991-01-01 05:59:00,-161.8809474806382,8.833708196046455
1991-01-01 06:00:00,-162.68242919860418,12.359267430499447
1991-01-01 06:01:00,-163.4991422384193,15.88452357530802
1991-01-01 06:02:00,-164.33620924196103,19.409042913459874
1991-01-01 06:03:00,-165.19944953040226,22.932334525108423
1991-01-01 06:04:00,-166.09561133064295,26.453834919647136
1991-01-01 06:05:00,-167.03269962439037,29.97288156872652
1991-01-01 06:06:00,-168.0204132802659,33.48868046285556
1991-01-01 06:07:00,-169.07071878969543,37.00026513026671
1991-01-01 06:08:00,-170.1986698896097,40.50641979728769
1991-01-01 06:09:00,-171.42362333611646,44.00560425626068
1991-01-01 06:10:00,-172.77090547065816,47.495807016475105
1991-01-01 06:11:00,-174.27446233340973,50.97434381358714
1991-01-01 06:12:00,-175.9808758145107,54.43751951525582
1991-01-01 06:13:00,-177.9558250130199,57.88012268714442
1991-01-01 06:14:00,179.70526868589195,61.29450693247712
1991-01-01 06:15:00,176.85900591534258,64.66905068438113
1991-01-01 06:16:00,173.28154407338664,67.98523730001655
1991-01-01 06:17:00,168.60939415277446,71.21198258847065
1991-01-01 06:18:00,162.23055754349448,74.29395518727716
1991-01-01 06:19:00,153.1027200574461,77.12669418326992
1991-01-01 06:20:00,139.59263319991757,79.50644137312908
1991-01-01 06:21:00,120.1367847076229,81.06382695672953
1991-01-01 06:22:00,96.43249024968858,81.3433319579448
1991-01-01 06:23:00,74.80671797883753,80.23499033113765
1991-01-01 06:24:00,59.10136734093187,78.1215044056931
1991-01-01 06:25:00,48.49909691875286,75.43442602394005
1991-01-01 06:26:00,41.20975852706976,72.43541973298167
1991-01-01 06:27:00,35.967796659854656,69.25972327838424
1991-01-01 06:28:00,32.019960979965624,65.97766711803138
1991-01-01 06:29:00,28.923064417822633,62.627814499976964
1991-01-01 06:30:00,26.408286095619612,59.232636746590345
1991-01-01 06:31:00,24.306011925697632,55.80596157584622
1991-01-01 06:32:00,22.50497300383531,52.35670579970602
1991-01-01 06:33:00,20.92955401327873,48.89086632426103
1991-01-01 06:34:00,19.526715120028147,45.41261639509414
1991-01-01 06:35:00,18.258203849636917,41.92495446525096
1991-01-01 06:36:00,17.095722728373673,38.430093516022595
1991-01-01 06:37:00,16.017859113190422,34.92970011356651
1991-01-01 06:38:00,15.00806516327552,31.42506174854127
1991-01-01 06:39:00,14.053293509766947,27.917201241775075
1991-01-01 06:40:00,13.143057250967797,24.40692797068457
1991-01-01 06:41:00,12.268760593807608,20.894911293808423
1991-01-01 06:42:00,11.423218179279525,17.38170616401669
1991-01-01 06:43:00,10.600297351282526,13.867785571909401
1991-01-01 06:44:00,9.794644095280963,10.353559328836754
1991-01-01 06:45:00,9.001473863761246,6.839390288598405
1991-01-01 06:46:00,8.216396552634349,3.3256069406047493
1991-01-01 06:47:00,7.435272213489595,-0.1874836901368915
1991-01-01 06:48:00,6.6540821337740805,-3.6995877587498622
1991-01-01 06:49:00,5.868805893387606,-7.210415555823606
1991-01-01 06:50:00,5.075303117032674,-10.719671128727777
1991-01-01 06:51:00,4.26918241995979,-14.22704498451561
1991-01-01 06:52:00,3.445657333664655,-17.73219902882319
1991-01-01 06:53:00,2.599374057055038,-21.234757601246162
1991-01-01 06:54:00,1.7241988668128556,-24.73429039986682
1991-01-01 06:55:00,0.8129480581176938,-28.230285160497413
1991-01-01 06:56:00,-0.14296885269604576,-31.722133996301807
1991-01-01 06:57:00,-1.1540286554436485,-35.20907875628213
1991-01-01 06:58:00,-2.2332575614089603,-38.69017687433292
1991-01-01 06:59:00,-3.3971655518785036,-42.16421257678192
1991-01-01 07:00:00,-4.667098141947331,-45.6295978446471
1991-01-01 07:01:00,-6.071236051800682,-49.084222149474925
1991-01-01 07:02:00,-7.647633893842693,-52.52518607596273
1991-01-01 07:03:00,-9.448977612896726,-55.9484359068381
1991-01-01 07:04:00,-11.550259697841762,-59.348121585076925
1991-01-01 07:05:00,-14.061604142439561,-62.7155209591091
1991-01-01 07:06:00,-17.150473524760496,-66.03706927324298
1991-01-01 07:07:00,-21.081447175136056,-69.29076648816195
1991-01-01 07:08:00,-26.289083926677257,-72.43886214832337
1991-01-01 07:09:00,-33.50865193598868,-75.41282213559529
1991-01-01 07:10:00,-43.97029900844088,-78.081486327346
1991-01-01 07:11:00,-59.41677181642472,-80.19221968655503
1991-01-01 07:12:00,-80.707898968891,-81.32732199453028
1991-01-01 07:13:00,-104.2590196044986,-81.10473295966874
1991-01-01 07:14:00,-123.82646655764212,-79.61098424856529
1991-01-01 07:15:00,-137.51790859801284,-77.28614494944387
1991-01-01 07:16:00,-146.7934557550519,-74.49942776807866
1991-01-01 07:17:00,-153.27732701338832,-71.45760985140265
1991-01-01 07:18:00,-158.02320199590164,-68.26724215046804
1991-01-01 07:19:00,-161.6534748605201,-64.98481715989999
1991-01-01 07:20:00,-164.5386150678252,-61.64204061782571
1991-01-01 07:21:00,-166.90688753987874,-58.257716035030235
1991-01-01 07:22:00,-168.9045266268107,-54.84362207273727
1991-01-01 07:23:00,-170.62882154315875,-51.40744952395224
1991-01-01 07:24:00,-172.14669448241068,-47.954426898484776
1991-01-01 07:25:00,-173.50560159891975,-44.48821517773003
1991-01-01 07:26:00,-174.74007632912952,-41.01146105999136
1991-01-01 07:27:00,-175.8758958069676,-37.52612480956058
1991-01-01 07:28:00,-176.93271731686534,-34.03369540767673
1991-01-01 07:29:00,-177.92584048256353,-30.53533398649873
1991-01-01 07:30:00,-178.86742304078481,-27.03195237628077
1991-01-01 07:31:00,-179.76728680355566,-23.524296775189672
1991-01-01 07:32:00,179.36645032192428,-20.01298531534533
1991-01-01 07:33:00,178.52696543141636,-16.49854050621924
1991-01-01 07:34:00,177.70836725939034,-12.98141740916486
1991-01-01 07:35:00,176.905505843212,-9.462024981758743
1991-01-01 07:36:00,176.11369567311078,-5.940734615537011
1991-01-01 07:37:00,175.32862006953118,-2.4178982786853265
1991-01-01 07:38:00,174.54616725859285,1.1061452941021568
1991-01-01 07:39:00,173.76230742868552,4.631056941244466
1991-01-01 07:40:00,172.97295612668546,8.156492378518752
1991-01-01 07:41:00,172.17383765417233,11.682090032785824
1991-01-01 07:42:00,171.3604304259155,15.207460583262995
1991-01-01 07:43:00,170.52769376230754,18.732181411995366
1991-01-01 07:44:00,169.6699722667157,22.255770136872812
1991-01-01 07:45:00,168.78070895753672,25.777682050309014
1991-01-01 07:46:00,167.85217206063015,29.297273406974707
1991-01-01 07:47:00,166.8750315375898,32.81377922568285
1991-01-01 07:48:00,165.83779901023166,36.32627230825361
1991-01-01 07:49:00,164.72610376054203,39.83358810743349
1991-01-01 07:50:00,163.52151793814025,43.33425813255096
1991-01-01 07:51:00,162.2000539186612,46.826376760827564
1991-01-01 07:52:00,160.7296644545192,50.30740657698666
1991-01-01 07:53:00,159.06659535389113,53.77388467511904
1991-01-01 07:54:00,157.1495115180303,57.220934300157325
1991-01-01 07:55:00,154.88979807264494,60.64148620631054
1991-01-01 07:56:00,152.15523621578194,64.02484773243303
1991-01-01 07:57:00,148.74096125347597,67.3541414810857
1991-01-01 07:58:00,144.31681550162693,70.60136367667151
1991-01-01 07:59:00,138.33025031675913,73.71721401376129
1991-01-01 08:00:00,129.83861763114078,76.60959422158659
1991-01-01 08:01:00,117.31860767494061,79.09919134386706
1991-01-01 08:02:00,99.03862405958782,80.8512099980562
1991-01-01 08:03:00,75.74038434781076,81.40253603767046
1991-01-01 08:04:00,53.234292900498865,80.541215032386
1991-01-01 08:05:00,36.36577129222379,78.58299979734335
1991-01-01 08:06:00,24.930021423364582,75.98060210092011
1991-01-01 08:07:00,17.121856739685434,73.0281845302904
1991-01-01 08:08:00,11.557814740837443,69.87961075688709
1991-01-01 08:09:00,7.403001277208578,66.61432954113577
1991-01-01 08:10:00,4.167561584827871,63.275425716320896
1991-01-01 08:11:00,1.556471618912145,59.887720189886274
1991-01-01 08:12:00,-0.614999090769528,56.466317925181386
1991-01-01 08:13:00,-2.4671576029794586,53.02089730026016
1991-01-01 08:14:00,-4.081236104568549,49.55790942879365
1991-01-01 08:15:00,-5.513881089583418,46.08181783940448
1991-01-01 08:16:00,-6.805742642312806,42.59580881534045
1991-01-01 08:17:00,-7.986750224812887,39.102221696392284
1991-01-01 08:18:00,-9.079454987288928,35.60281525627127
1991-01-01 08:19:00,-10.101217989950632,32.098945287527656
1991-01-01 08:20:00,-11.065674851702283,28.591672177030077
1991-01-01 08:21:00,-11.98374704502673,25.081842868235626
1991-01-01 08:22:00,-12.86435052811178,21.570150625345054
1991-01-01 08:23:00,-13.714909716585238,18.05716918424864
1991-01-01 08:24:00,-14.541737412787484,14.543388611019335
1991-01-01 08:25:00,-15.35031911239569,11.029224693422863
1991-01-01 08:26:00,-16.14553413179818,7.515050530542637
1991-01-01 08:27:00,-16.93183404678651,4.001200801647986
1991-01-01 08:28:00,-17.71340064068002,0.48798473288141214
1991-01-01 08:29:00,-18.49426372508902,-3.0243021099929224
1991-01-01 08:30:00,-19.278432621056307,-6.535370030904674
1991-01-01 08:31:00,-20.07001910246223,-10.04492527835868
1991-01-01 08:32:00,-20.87335180169328,-13.552661134172522
1991-01-01 08:33:00,-21.693129888898426,-17.058247187945106
1991-01-01 08:34:00,-22.534583581434607,-20.561314609461245
1991-01-01 08:35:00,-23.40367563444725,-24.06144504963428
1991-01-01 08:36:00,-24.307367718247882,-27.55814844239126
1991-01-01 08:37:00,-25.253941437205146,-31.050832268821686
1991-01-01 08:38:00,-26.253469612797517,-34.538774236420835
1991-01-01 08:39:00,-27.318424170449443,-38.02106763757638
1991-01-01 08:40:00,-28.46455552638697,-41.496561585413176
1991-01-01 08:41:00,-29.712145927350452,-44.96375002321924
1991-01-01 08:42:00,-31.08786896959608,-48.42063512066234
1991-01-01 08:43:00,-32.62757460852996,-51.86449846245281
1991-01-01 08:44:00,-34.38064852694587,-55.29154246341212
1991-01-01 08:45:00,-36.416997710998885,-58.696337123150116
1991-01-01 08:46:00,-38.838641281226906,-62.07081257316243
1991-01-01 08:47:00,-41.79962390907581,-65.4025651899163
1991-01-01 08:48:00,-45.541498649637695,-68.67161667008946
1991-01-01 08:49:00,-50.458155682158015,-71.84410293577699
1991-01-01 08:50:00,-57.213359620367775,-74.85918749204157
1991-01-01 08:51:00,-66.92713854474403,-77.60142648153165
1991-01-01 08:52:00,-81.27887546274738,-79.84713120892931
1991-01-01 08:53:00,-101.54232552250437,-81.20697406135466
1991-01-01 08:54:00,-125.17851616422449,-81.25698470645749
1991-01-01 08:55:00,-145.83460647860883,-79.97715068996968
1991-01-01 08:56:00,-160.5847551610882,-77.77798004138731
1991-01-01 08:57:00,-170.56739082176367,-75.05973550645149
1991-01-01 08:58:00,-177.4893777342214,-72.05646717745103
1991-01-01 08:59:00,177.48920014930297,-68.88917185553271
1991-01-01 09:00:00,173.6789927811897,-65.62142494149103
1991-01-01 09:01:00,170.67160584811973,-62.288463381254054
1991-01-01 09:02:00,168.21724567176733,-58.91101679895279
1991-01-01 09:03:00,166.15706937279472,-55.501919120037684
1991-01-01 09:04:00,164.38615158517217,-52.0694929300124
1991-01-01 09:05:00,162.83274800185782,-48.619352644374686
1991-01-01 09:06:00,161.44628790223695,-45.15540854642438
1991-01-01 09:07:00,160.1901204912232,-41.68047467409953
1991-01-01 09:08:00,159.03700697440664,-38.19662398981322
1991-01-01 09:09:00,157.9662928597371,-34.70542743707456
1991-01-01 09:10:00,156.96195452342175,-31.20809054427206
1991-01-01 09:11:00,156.01128781360435,-27.7055746605314
1991-01-01 09:12:00,155.10407476728656,-24.19865330477608
1991-01-01 09:13:00,154.2319142517893,-20.6879650996935
1991-01-01 09:14:00,153.38775751188908,-17.174049630228087
1991-01-01 09:15:00,152.56556666035962,-13.657373910564342
1991-01-01 09:16:00,151.760041470405,-10.138354582241638
1991-01-01 09:17:00,150.96644179074124,-6.617368159437969
1991-01-01 09:18:00,150.1803963002995,-3.0947702388770018
1991-01-01 09:19:00,149.3977522440644,0.42909820359129436
1991-01-01 09:20:00,148.61447981042568,3.9538987534378855
1991-01-01 09:21:00,147.82649454625965,7.479288513822096
1991-01-01 09:22:00,147.02958905503758,11.00491092752491
1991-01-01 09:23:00,146.2192963930423,14.530382223292339
1991-01-01 09:24:00,145.390685163693,18.055285759585008
1991-01-01 09:25:00,144.5382365741404,21.57915281467113
1991-01-01 09:26:00,143.655584888078,25.101452341342732
1991-01-01 09:27:00,142.7352578785538,28.621562792385348
1991-01-01 09:28:00,141.7682670166201,32.13874479982132
1991-01-01 09:29:00,140.74358837695644,35.652101901322084
1991-01-01 09:30:00,139.64746595857443,39.16052419114751
1991-01-01 09:31:00,138.46238715644222,42.662611480517754
1991-01-01 09:32:00,137.16555279911023,46.156553769302754
1991-01-01 09:33:00,135.72671880893367,49.639953661103846
1991-01-01 09:34:00,134.10476744710908,53.109553155686925
1991-01-01 09:35:00,132.24231146423003,56.56079993197017
1991-01-01 09:36:00,130.05701976004113,59.987126763066634
1991-01-01 09:37:00,127.42675489180422,63.37869134638232
1991-01-01 09:38:00,124.16375495923569,66.7201018506226
1991-01-01 09:39:00,119.9677102049084,69.98603876453423
1991-01-01 09:40:00,114.33935429106192,73.13249517929484
1991-01-01 09:41:00,106.4274339112484,76.07813037207873
1991-01-01 09:42:00,94.8260502474691,78.66531723722035
1991-01-01 09:43:00,77.7342053589967,80.59360941350917
1991-01-01 09:44:00,55.08211861817578,81.40759037765628
1991-01-01 09:45:00,31.888766706388022,80.80673180618108
1991-01-01 09:46:00,13.833578276998685,79.02131352695058
1991-01-01 09:47:00,1.4928219398104425,76.51426527134072
1991-01-01 09:48:00,-6.88495874941979,73.61390057237567
1991-01-01 09:49:00,-12.801184938667502,70.4952703482937
1991-01-01 09:50:00,-17.180604904284007,67.24830769989636
1991-01-01 09:51:00,-20.565228307855662,63.92124742310228
1991-01-01 09:52:00,-23.27931496513424,60.54154687837491
1991-01-01 09:53:00,-25.524346918898658,57.12577268954612
1991-01-01 09:54:00,-27.43058099926293,53.684422857370215
1991-01-01 09:55:00,-29.085383863447987,50.22444709932768
1991-01-01 09:56:00,-30.54931879882433,46.75062654783754
1991-01-01 09:57:00,-31.86562602548002,43.266355806917275
1991-01-01 09:58:00,-33.065983960785566,39.774107405046436
1991-01-01 09:59:00,-34.17416507814721,36.27574256877385
1991-01-01 10:00:00,-35.20839915245971,32.7726785623523
1991-01-01 10:01:00,-36.18294078852089,29.266021876427313
1991-01-01 10:02:00,-37.10917591167715,25.75666043559101
1991-01-01 10:03:00,-37.99635942825386,22.245314824800815
1991-01-01 10:04:00,-38.85216847087811,18.73257756296723
1991-01-01 10:05:00,-39.68310537963977,15.218948961446957
1991-01-01 10:06:00,-40.49479481532033,11.70486359102594
1991-01-01 10:07:00,-41.29221598582473,8.190697965882176
1991-01-01 10:08:00,-42.079893891478115,4.676792741700519
1991-01-01 10:09:00,-42.86204958918754,1.1634622139044941
1991-01-01 10:10:00,-43.64273338113083,-2.348996184111884
1991-01-01 10:11:00,-44.425947758161605,-5.860292916360831
1991-01-01 10:12:00,-45.21577717340354,-9.370135031759977
1991-01-01 10:13:00,-46.016493910182476,-12.878220934768784
1991-01-01 10:14:00,-46.832718591471924,-16.384223630080736
1991-01-01 10:15:00,-47.66956361386564,-19.88778453276441
1991-01-01 10:16:00,-48.53283122306355,-23.388495539016894
1991-01-01 10:17:00,-49.42926623087104,-26.885881950690877
1991-01-01 10:18:00,-50.36687020390079,-30.37937344699066
1991-01-01 10:19:00,-51.35532493530128,-33.86827847126278
1991-01-01 10:20:00,-52.406586671214626,-37.35172958948264
1991-01-01 10:21:00,-53.53568524290943,-40.82862714119388
1991-01-01 10:22:00,-54.76191593479099,-44.297543616859954
1991-01-01 10:23:00,-56.11053678641001,-47.75659046917536
1991-01-01 10:24:00,-57.61535723415805,-51.20320637720134
1991-01-01 10:25:00,-59.32271328136448,-54.63384647275867
1991-01-01 10:26:00,-61.29785372517042,-58.04344617057777
1991-01-01 10:27:00,-63.635397176148075,-61.42456056446333
1991-01-01 10:28:00,-66.47724764449362,-64.76579348378519
1991-01-01 10:29:00,-70.04425929701942,-68.04899028572945
1991-01-01 10:30:00,-74.69393106507312,-71.24368832659785
1991-01-01 10:31:00,-81.02560521813415,-74.29577884778556
1991-01-01 10:32:00,-90.05542948959283,-77.10356033255108
1991-01-01 10:33:00,-103.3714706728013,-79.4696061629352
1991-01-01 10:34:00,-122.51919567125836,-81.03675891704877
1991-01-01 10:35:00,-145.971729356386,-81.35848814771305
1991-01-01 10:36:00,-167.61132593011718,-80.30956233649586
1991-01-01 10:37:00,176.52494136303724,-78.25116188670745
1991-01-01 10:38:00,165.76987960912504,-75.6098184516368
1991-01-01 10:39:00,158.3674435300703,-72.64941638986734
1991-01-01 10:40:00,153.04557869484978,-69.50746789995895
1991-01-01 10:41:00,149.0406972750128,-66.25564898706173
1991-01-01 10:42:00,145.90200678533853,-62.933260559659935
1991-01-01 10:43:00,143.3557942250278,-59.56315643071643
1991-01-01 10:44:00,141.2292694684577,-56.15935897859726
1991-01-01 10:45:00,139.40910601691934,-52.73088405300683
1991-01-01 10:46:00,137.818341298845,-49.28376954117144
1991-01-01 10:47:00,136.40297583865663,-45.822195518863126
1991-01-01 10:48:00,135.1241048788418,-42.34916043912753
1991-01-01 10:49:00,133.95294600223804,-38.86685337759364
1991-01-01 10:50:00,132.86775188652808,-35.37692724004061
1991-01-01 10:51:00,131.85172026635365,-31.880652441654046
1991-01-01 10:52:00,130.89158691434665,-28.379031312694657
1991-01-01 10:53:00,129.97672405615845,-24.872868107937208
1991-01-01 10:54:00,129.09840271002983,-21.362823648183902
1991-01-01 10:55:00,128.2493555546839,-17.84945459385209
1991-01-01 10:56:00,127.4233671179759,-14.333240765730968
1991-01-01 10:57:00,126.61501422970488,-10.814606489322722
1991-01-01 10:58:00,125.81947477631682,-7.293936816541814
1991-01-01 10:59:00,125.03229547447286,-3.771590332319667
1991-01-01 11:00:00,124.24930990877927,-0.24790870619734148
1991-01-01 11:01:00,123.46646094686909,3.2767685267182194
1991-01-01 11:02:00,122.67970511675367,6.802100870824719
1991-01-01 11:03:00,121.8848486822826,10.327733529811288
1991-01-01 11:04:00,121.07749300163042,13.853289349169696
1991-01-01 11:05:00,120.25280230086473,17.378359371323384
1991-01-01 11:06:00,119.40538073054125,20.90248768114526
1991-01-01 11:07:00,118.52908112040696,24.425152622937457
1991-01-01 11:08:00,117.61662248880661,27.94575314005302
1991-01-01 11:09:00,116.65937147662932,31.46357718527097
1991-01-01 11:10:00,115.64674129066158,34.977760739661306
1991-01-01 11:11:00,114.56556332618358,38.48724170880809
1991-01-01 11:12:00,113.39913777067464,41.990681375634
1991-01-01 11:13:00,112.1258470754117,45.48635853246818
1991-01-01 11:14:00,110.71707957796156,48.972008971600786
1991-01-01 11:15:00,109.13414225667607,52.44456593809448
1991-01-01 11:16:00,107.32332933411146,55.89977080900176
1991-01-01 11:17:00,105.20799925759101,59.33152422539379
1991-01-01 11:18:00,102.67523533975604,62.730738620579885
1991-01-01 11:19:00,99.55268458709048,66.08334380486981
1991-01-01 11:20:00,95.56677743276781,69.36642449359819
1991-01-01 11:21:00,90.26590176886675,72.54059098582154
1991-01-01 11:22:00,82.88198916284108,75.53388723863377
1991-01-01 11:23:00,72.12743284292746,78.20775603453203
1991-01-01 11:24:00,56.20508367999591,80.29460422221352
1991-01-01 11:25:00,34.40046632082266,81.35840618544302
1991-01-01 11:26:00,10.753505324555082,81.02792065226278
1991-01-01 11:27:00,-8.482423029296237,79.43356325468504
1991-01-01 11:28:00,-21.799865255058215,77.0338582520711
1991-01-01 11:29:00,-30.802807609491015,74.19178238748295
1991-01-01 11:30:00,-37.10461334531158,71.1062854110647
1991-01-01 11:31:00,-41.72814597941163,67.87936253769217
1991-01-01 11:32:00,-45.273639120957306,64.56512252597021
1991-01-01 11:33:00,-48.098007720122204,61.19403484978623
1991-01-01 11:34:00,-50.4213273021533,57.784267812332466
1991-01-01 11:35:00,-52.38481202814062,54.34723807480659
1991-01-01 11:36:00,-54.08254092371192,50.89044860001187
1991-01-01 11:37:00,-55.57934614446895,47.4190254449204
1991-01-01 11:38:00,-56.92125633522843,43.93658177960312
1991-01-01 11:39:00,-58.1418350455718,40.445743811795886
1991-01-01 11:40:00,-59.266159315036774,36.948468390695915
1991-01-01 11:41:00,-60.313384409150636,33.446247912636856
1991-01-01 11:42:00,-61.298434291249876,29.940243509777613
1991-01-01 11:43:00,-62.2331729999228,26.431378965203425
1991-01-01 11:44:00,-63.12721744152079,22.92040047708112
1991-01-01 11:45:00,-63.988517956237736,19.407924469983286
1991-01-01 11:46:00,-64.82376812946026,15.894468330739558
1991-01-01 11:47:00,-65.63874630122618,12.380472606551397
1991-01-01 11:48:00,-66.43854096246716,8.866328325748789
1991-01-01 11:49:00,-67.2277556606838,5.352379985997996
1991-01-01 11:50:00,-68.01065243391817,1.8389466851993046
1991-01-01 11:51:00,-68.7913020749156,-1.6736723289842748
1991-01-01 11:52:00,-69.5737139047189,-5.185186346626193
1991-01-01 11:53:00,-70.36193822550588,-8.695304657799902
1991-01-01 11:54:00,-71.16021658475113,-12.20372694762533
1991-01-01 11:55:00,-71.97307056768517,-15.710133477871961
1991-01-01 11:56:00,-72.80552036334798,-19.214172493797534
1991-01-01 11:57:00,-73.66321453818317,-22.715445283109254
1991-01-01 11:58:00,-74.55268958322642,-26.213494223132727
1991-01-01 11:59:00,-75.48167727261819,-29.707767776092474
1991-01-01 12:00:00,-76.45950081457556,-33.19760170609172
1991-01-01 12:01:00,-77.4976212665258,-36.68216614514629
1991-01-01 12:02:00,-78.61039568610427,-40.1604126592186
1991-01-01 12:03:00,-79.81619045198916,-43.630985455758406
1991-01-01 12:04:00,-81.1389522074105,-47.09210185539233
1991-01-01 12:05:00,-82.61058476598146,-50.541347386248766
1991-01-01 12:06:00,-84.27461009309332,-53.975395746201926
1991-01-01 12:07:00,-86.19199445727763,-57.389530689629915
1991-01-01 12:08:00,-88.45059458182828,-60.77686055566019
1991-01-01 12:09:00,-91.1813247025669,-64.12691807938971
1991-01-01 12:10:00,-94.58640623025003,-67.42316054264869
1991-01-01 12:11:00,-98.9907307731277,-70.63813741516286
1991-01-01 12:12:00,-104.93582304935516,-73.7236139010136
1991-01-01 12:13:00,-113.3413202193505,-76.58985497488526
1991-01-01 12:14:00,-125.6883078234959,-79.06300500164434
1991-01-01 12:15:00,-143.67546073856275,-80.81944278822648
1991-01-01 12:16:00,-166.68747454298125,-81.40744694368371
1991-01-01 12:17:00,170.84185514337145,-80.60463333882957
1991-01-01 12:18:00,153.82517648671504,-78.70336822108649
1991-01-01 12:19:00,142.22920916294757,-76.14846082996235
1991-01-01 12:20:00,134.29966006488624,-73.23582911124797
1991-01-01 12:21:00,128.6497685645867,-70.12178194409907
1991-01-01 12:22:00,124.43391626166638,-66.8873048815045
1991-01-01 12:23:00,121.15403210146957,-63.57631603982747
1991-01-01 12:24:00,118.50966972278577,-60.21406662842948
1991-01-01 12:25:00,116.31267107435947,-56.815893837091814
1991-01-01 12:26:00,114.44047524172396,-53.39158532689509
1991-01-01 12:27:00,112.81035497365204,-49.94765026811834
1991-01-01 12:28:00,111.3646634735488,-46.48855901957332
1991-01-01 12:29:00,110.06203711580065,-43.01750127960245
1991-01-01 12:30:00,108.87204740765517,-39.53679589742893
1991-01-01 12:31:00,107.77175857387948,-36.04819140148029
1991-01-01 12:32:00,106.74354872641493,-32.5530162635501
1991-01-01 12:33:00,105.77355941143557,-29.052315502581372
1991-01-01 12:34:00,104.85071206210763,-25.546934354483888
1991-01-01 12:35:00,103.96597033815921,-22.037554130627367
1991-01-01 12:36:00,103.11180737112493,-18.52474856690208
1991-01-01 12:37:00,102.28182327375248,-15.00901285202286
1991-01-01 12:38:00,101.47046510224666,-11.490778995454706
1991-01-01 12:39:00,100.67281512040508,-7.970438879301251
1991-01-01 12:40:00,99.8843585731863,-4.448355357362149
1991-01-01 12:41:00,99.10087440368332,-0.9248736743556052
1991-01-01 12:42:00,98.31831230971828,2.599668608962995
1991-01-01 12:43:00,97.53260832873502,6.1249303033002676
1991-01-01 12:44:00,96.73964385666406,9.6505604009659
1991-01-01 12:45:00,95.93504074224738,13.176187083536943
1991-01-01 12:46:00,95.11407249457936,16.701407369852372
1991-01-01 12:47:00,94.27147303780991,20.22577644384249
1991-01-01 12:48:00,93.40123180546941,23.748786310187775
1991-01-01 12:49:00,92.49634102346944,27.26985298771419
1991-01-01 12:50:00,91.5484405402659,30.788286627315568
1991-01-01 12:51:00,90.54736703437382,34.303259068555036
1991-01-01 12:52:00,89.48052563696368,37.8137474906044
1991-01-01 12:53:00,88.3319678563235,41.318478063183434
1991-01-01 12:54:00,87.0811689739974,44.815808125796764
1991-01-01 12:55:00,85.7010472899263,48.303596414139584
1991-01-01 12:56:00,84.1551705750773,51.778957173287566
1991-01-01 12:57:00,82.39320716545663,55.23790157276542
1991-01-01 12:58:00,80.34374743329177,58.67474689518371
1991-01-01 12:59:00,77.90224850314652,62.081105668241634
1991-01-01 13:00:00,74.91026364665493,65.44407907969165
1991-01-01 13:01:00,71.11823141192306,68.74290335445689
1991-01-01 13:02:00,66.11716007145056,71.94222543339339
1991-01-01 13:03:00,59.21420206602048,74.9782581798424
1991-01-01 13:04:00,49.23661733023625,77.72916467938923
1991-01-01 13:05:00,34.44220902193519,79.95790321688858
1991-01-01 13:06:00,13.639925338555898,81.25589187619029
1991-01-01 13:07:00,-10.198406459198036,81.20143477793778
1991-01-01 13:08:00,-30.57175597024782,79.81658660296101
1991-01-01 13:09:00,-44.9345817003687,77.53763251468374
1991-01-01 13:10:00,-54.62297622669459,74.76093522083093
1991-01-01 13:11:00,-61.34738625703135,71.71219149233653
1991-01-01 13:12:00,-66.23662008003407,68.50723450733477
1991-01-01 13:13:00,-69.95584932840278,65.20691442114129
1991-01-01 13:14:00,-72.89845191719517,61.84508848147185
1991-01-01 13:15:00,-75.30517152408672,58.441741821837894
1991-01-01 13:16:00,-77.32932540537668,55.00930538652885
1991-01-01 13:17:00,-79.07234870042892,51.55589002518412
1991-01-01 13:18:00,-80.60370443310245,48.08699745518014
1991-01-01 13:19:00,-81.97244019182716,44.60647648811421
1991-01-01 13:20:00,-83.21415492255714,41.11711725626229
1991-01-01 13:21:00,-84.35532926870452,37.6209858918483
1991-01-01 13:22:00,-85.41609179775335,34.11965333838134
1991-01-01 13:23:00,-86.41208364290296,30.61433536953368
1991-01-01 13:24:00,-87.35567427674022,27.105993334431
1991-01-01 13:25:00,-88.25687675658838,23.595405874638676
1991-01-01 13:26:00,-89.12390780001897,20.083209905296815
1991-01-01 13:27:00,-89.9636863886612,16.569939888707967
1991-01-01 13:28:00,-90.78214112671466,13.056050032451944
1991-01-01 13:29:00,-91.58448344851607,9.541939902595185
1991-01-01 13:30:00,-92.3753852034577,6.027960400106305
1991-01-01 13:31:00,-93.15916990128416,2.5144357455274635
1991-01-01 13:32:00,-93.9399356554975,-0.9983325723225038
1991-01-01 13:33:00,-94.72169861732964,-4.5100528830216975
1991-01-01 13:34:00,-95.50848176820175,-8.020435010252099
1991-01-01 13:35:00,-96.30447884426421,-11.529181734063103
1991-01-01 13:36:00,-97.1141567892342,-15.035978438866069
1991-01-01 13:37:00,-97.94241284874663,-18.54047849256062
1991-01-01 13:38:00,-98.79477264584003,-22.04229769700594
1991-01-01 13:39:00,-99.67757459606418,-25.540988674811395
1991-01-01 13:40:00,-100.59829092637106,-29.036018671221722
1991-01-01 13:41:00,-101.56590333551925,-32.526750771096815
1991-01-01 13:42:00,-102.59140842807248,-36.012390964945666
1991-01-01 13:43:00,-103.68853488426247,-39.491935214960286
1991-01-01 13:44:00,-104.87478164874277,-42.9640994455767
1991-01-01 13:45:00,-106.17285227031452,-46.427193184975344
1991-01-01 13:46:00,-107.61288837378498,-49.878941980162594
1991-01-01 13:47:00,-109.23580962247172,-53.31622784978234
1991-01-01 13:48:00,-111.09864126575515,-56.7346521520091
1991-01-01 13:49:00,-113.28307236610863,-60.12781499959056
1991-01-01 13:50:00,-115.91001776240888,-63.486096071080766
1991-01-01 13:51:00,-119.16491709062178,-66.79439381822482
1991-01-01 13:52:00,-123.3434629002955,-70.02791465433558
1991-01-01 13:53:00,-128.93531145302825,-73.14358057631777
1991-01-01 13:54:00,-136.77153284627053,-76.0620794275292
1991-01-01 13:55:00,-148.21936702731878,-78.63044912150743
1991-01-01 13:56:00,-165.0379292169098,-80.55828367512187
1991-01-01 13:57:00,172.6199719503792,-81.40297999996652
1991-01-01 13:58:00,149.51569595065217,-80.8587710174674
1991-01-01 13:59:00,131.3294157005228,-79.13196942169395
1991-01-01 14:00:00,118.82232846223228,-76.67428977340495
1991-01-01 14:01:00,110.31449456790266,-73.81499500191919
1991-01-01 14:02:00,104.30595666447493,-70.73174515773789
1991-01-01 14:03:00,99.86117691114329,-67.51618088895509
1991-01-01 14:04:00,96.42921858907614,-64.2175000481624
1991-01-01 14:05:00,93.67990352360593,-60.86365176944354
1991-01-01 14:06:00,91.40797086979542,-57.471465638913386
1991-01-01 14:07:00,89.48071005207126,-54.05156601582591
1991-01-01 14:08:00,87.80914419611571,-50.610970919553296
1991-01-01 14:09:00,86.33161035410187,-47.15447855798747
1991-01-01 14:10:00,85.0041152775857,-43.68548012005135
1991-01-01 14:11:00,83.79444096425225,-40.206444719129905
1991-01-01 14:12:00,82.67840854443968,-36.719206261015266
1991-01-01 14:13:00,81.63751503568642,-33.225168349581885
1991-01-01 14:14:00,80.65725994638453,-29.725427230191542
1991-01-01 14:15:00,79.72610708702585,-26.22085033686883
1991-01-01 14:16:00,78.83466494750164,-22.7121548394766
1991-01-01 14:17:00,77.97514028196889,-19.199931549378057
1991-01-01 14:18:00,77.14096244844607,-15.68468931566637
1991-01-01 14:19:00,76.32642140878703,-12.16686953931665
1991-01-01 14:20:00,75.52649014376264,-8.646872640168988
1991-01-01 14:21:00,74.73659242662902,-5.125064033343979
1991-01-01 14:22:00,73.95247304953321,-1.6017933391497647
1991-01-01 14:23:00,73.1700407291624,1.9226013480497397
1991-01-01 14:24:00,72.38525199352793,5.447780226343326
1991-01-01 14:25:00,71.59400872912781,8.973394956083323
1991-01-01 14:26:00,70.7919874262174,12.499077987715022
1991-01-01 14:27:00,69.97455038635027,16.02443317026656
1991-01-01 14:28:00,69.13654081670306,19.549024225404704
1991-01-01 14:29:00,68.27211207534626,23.07235681818827
1991-01-01 14:30:00,67.37447495424483,26.593865750463443
1991-01-01 14:31:00,66.43555616979987,30.11287995614427
1991-01-01 14:32:00,65.44558172130904,33.628603718192444
1991-01-01 14:33:00,64.39248266450898,37.14005519691477
1991-01-01 14:34:00,63.261048168118016,40.646015203544415
1991-01-01 14:35:00,62.031743891109954,44.14492303985602
1991-01-01 14:36:00,60.67893613352972,47.6347467245715
1991-01-01 14:37:00,59.168282704230485,51.11276442730662
1991-01-01 14:38:00,57.452573335669136,54.57524003458537
1991-01-01 14:39:00,55.46518636268136,58.016876734706415
1991-01-01 14:40:00,53.109211646228424,61.42990860258345
1991-01-01 14:41:00,50.23878025130096,64.80251258076318
1991-01-01 14:42:00,46.62589021812018,68.11581002637968
1991-01-01 14:43:00,41.89966910494358,71.3380200692249
1991-01-01 14:44:00,35.43500092345864,74.41245896937689
1991-01-01 14:45:00,26.16797101231459,77.23189958705562
1991-01-01 14:46:00,12.444419398881996,79.58716054874029
1991-01-01 14:47:00,-7.24936556333925,81.10190526135236
1991-01-01 14:48:00,-31.004349416425164,81.32441916413303
1991-01-01 14:49:00,-52.42765438970953,80.16697530738267
1991-01-01 14:50:00,-67.89724397293928,78.02358681375179
1991-01-01 14:51:00,-78.33585623241561,75.32034137423332
1991-01-01 14:52:00,-85.52384486209948,72.31246949773228
1991-01-01 14:53:00,-90.70272651723492,69.13164357106817
1991-01-01 14:54:00,-94.60984743948151,65.84645235388626
1991-01-01 14:55:00,-97.67938226380943,62.494612150783375
1991-01-01 14:56:00,-100.17505825445122,59.09812983126529
1991-01-01 14:57:00,-102.26356617810104,55.67058039630739
1991-01-01 14:58:00,-104.05440762753253,52.220737223898574
1991-01-01 14:59:00,-105.62209996659054,48.75451184276549
1991-01-01 15:00:00,-107.01896927450653,45.27601944188305
1991-01-01 15:01:00,-108.28279332757984,41.788214078067305
1991-01-01 15:02:00,-109.44154858065085,38.293284826947236
1991-01-01 15:03:00,-110.51642228052492,34.79288459430199
1991-01-01 15:04:00,-111.52380688121009,31.288287210411767
1991-01-01 15:05:00,-112.47662510061605,27.780496713084563
1991-01-01 15:06:00,-113.3852793168487,24.270324187284317
1991-01-01 15:07:00,-114.25830043618139,20.758427038718644
1991-01-01 15:08:00,-115.10282600629678,17.245361927804897
1991-01-01 15:09:00,-115.92494855593453,13.731593307406639
1991-01-01 15:10:00,-116.7300092930256,10.217530135100425
1991-01-01 15:11:00,-117.5227620292323,6.70353227647815
1991-01-01 15:12:00,-118.30759174600178,3.1899273671765616
1991-01-01 15:13:00,-119.0886102172144,-0.32297910192154006
1991-01-01 15:14:00,-119.86986091485879,-3.834894659981461
1991-01-01 15:15:00,-120.65535999016694,-7.345529504211152
1991-01-01 15:16:00,-121.44924653777586,-10.854588709176685
1991-01-01 15:17:00,-122.25591919951106,-14.361761928157648
1991-01-01 15:18:00,-123.08020008892653,-17.866709359242833
1991-01-01 15:19:00,-123.92745773470993,-21.369056195801537
1991-01-01 15:20:00,-124.8038529674926,-24.86836872082146
1991-01-01 15:21:00,-125.71663944817311,-28.364131255020272
1991-01-01 15:22:00,-126.674436875484,-31.855732496467255
1991-01-01 15:23:00,-127.68784570301713,-35.34240746397536
1991-01-01 15:24:00,-128.7699662336006,-38.82320505370268
1991-01-01 15:25:00,-129.9374914495659,-42.29689924669318
1991-01-01 15:26:00,-131.2119774279336,-45.76188494849191
1991-01-01 15:27:00,-132.62191971792097,-49.21602430988867
1991-01-01 15:28:00,-134.2058269260686,-52.65638376463492
1991-01-01 15:29:00,-136.01708381092925,-56.07885836903949
1991-01-01 15:30:00,-138.13173769872188,-59.477505858524474
1991-01-01 15:31:00,-140.66163976729462,-62.84346406264178
1991-01-01 15:32:00,-143.77706663265585,-66.16292916907881
1991-01-01 15:33:00,-147.74751023869763,-69.41345034603373
1991-01-01 15:34:00,-153.0161952210404,-72.55646434545264
1991-01-01 15:35:00,-160.3335544637935,-75.52176365285699
1991-01-01 15:36:00,-170.95232662300725,-78.17478671140837
1991-01-01 15:37:00,173.3766476273899,-80.25681278553584
1991-01-01 15:38:00,151.89463717818927,-81.34515561845319
1991-01-01 15:39:00,128.3917513385003,-81.06847148536514
1991-01-01 15:40:00,109.04964598645385,-79.53408314870012
1991-01-01 15:41:00,95.56185286637623,-77.18572750826634
1991-01-01 15:42:00,86.41993836044847,-74.38612175993731
1991-01-01 15:43:00,80.0188489948526,-71.33692040876852
1991-01-01 15:44:00,75.3252454500574,-68.14203795279253
1991-01-01 15:45:00,71.72928745582908,-64.85666915069221
1991-01-01 15:46:00,68.86757479737713,-61.51183672167775
1991-01-01 15:47:00,66.51587919443921,-58.12601632745405
1991-01-01 15:48:00,64.53031588195982,-54.71078172356969
1991-01-01 15:49:00,62.815043645505355,-51.27370417471963
1991-01-01 15:50:00,61.304062367125965,-47.81993364353806
1991-01-01 15:51:00,59.95052377930454,-44.35309013028508
1991-01-01 15:52:00,58.72027693619101,-40.87578959741281
1991-01-01 15:53:00,57.58782474161373,-37.38997181864554
1991-01-01 15:54:00,56.5337114017219,-33.897112114843985
1991-01-01 15:55:00,55.54277389655812,-30.398354542694126
1991-01-01 15:56:00,54.602963772426456,-26.894610932450153
1991-01-01 15:57:00,53.70453093428673,-23.38662235963702
1991-01-01 15:58:00,52.839412343823746,-19.875000126185437
1991-01-01 15:59:00,52.00081879300251,-16.360266741566917
1991-01-01 16:00:00,51.18291047008265,-12.842875559587615
1991-01-01 16:01:00,50.380533997335405,-9.323233830276793
1991-01-01 16:02:00,49.589044846125155,-5.801713798944217
1991-01-01 16:03:00,48.80412975199104,-2.2786661531150862
1991-01-01 16:04:00,48.02168035614731,1.245569091855981
1991-01-01 16:05:00,47.23765660169988,4.770652347501187
1991-01-01 16:06:00,46.44797403552511,8.296238048937212
1991-01-01 16:07:00,45.6483672044863,11.821963769251223
1991-01-01 16:08:00,44.83427012712331,15.347438480113237
1991-01-01 16:09:00,44.0006352936395,18.87223444092648
1991-01-01 16:10:00,43.141773156456246,22.395870977128112
1991-01-01 16:11:00,42.2510891679299,25.917796550942658
1991-01-01 16:12:00,41.32079349731207,29.437364001946253
1991-01-01 16:13:00,40.34147755902106,32.95380493385728
1991-01-01 16:14:00,39.30156418241369,36.466175073022974
1991-01-01 16:15:00,38.18653238531452,39.973306457095276
1991-01-01 16:16:00,36.97778356261361,43.47371693502428
1991-01-01 16:17:00,35.65104322200073,46.96547697836946
1991-01-01 16:18:00,34.17388845548583,50.4460184360029
1991-01-01 16:19:00,32.50200158063927,53.9118305906912
1991-01-01 16:20:00,30.57316640431143,57.35797521566446
1991-01-01 16:21:00,28.29742762758593,60.77726353682122
1991-01-01 16:22:00,25.54030907098898,64.15881506281366
1991-01-01 16:23:00,22.093197974248167,67.48543820750086
1991-01-01 16:24:00,17.61932673769414,70.72851447826046
1991-01-01 16:25:00,11.554386839647742,73.83756194693692
1991-01-01 16:26:00,2.9357632215556935,76.71806445579556
1991-01-01 16:27:00,-9.783390504849722,79.18588693500203
1991-01-01 16:28:00,-28.308675241601648,80.89904864300297
1991-01-01 16:29:00,-51.711092413694324,81.39470864088163
1991-01-01 16:30:00,-74.04871041493868,80.4811093676899
1991-01-01 16:31:00,-90.67349330758728,78.4894671868492
1991-01-01 16:32:00,-101.9308949843864,75.86884654572036
1991-01-01 16:33:00,-109.62771904685788,72.90651154041579
1991-01-01 16:34:00,-115.12279747942989,69.75226187981221
1991-01-01 16:35:00,-119.23345120875369,66.48355190909754
1991-01-01 16:36:00,-122.43943272213096,63.1424760841266
1991-01-01 16:37:00,-125.03009615356011,59.75335670853378
1991-01-01 16:38:00,-127.18693328966674,56.331011877723434
1991-01-01 16:39:00,-129.02831130876714,52.884959460303975
1991-01-01 16:40:00,-130.63423904679888,49.421551532203516
1991-01-01 16:41:00,-132.06061477192932,45.94519015034213
1991-01-01 16:42:00,-133.34757267572147,42.459024031927186
1991-01-01 16:43:00,-134.52468747728147,38.96535836580357
1991-01-01 16:44:00,-135.61428023481693,35.46593485020963
1991-01-01 16:45:00,-136.63352204390125,31.962095617317278
1991-01-01 16:46:00,-137.5959503394694,28.454885686069524
1991-01-01 16:47:00,-138.51237048078835,24.945151999923453
1991-01-01 16:48:00,-139.3916480534008,21.43357587024877
1991-01-01 16:49:00,-140.24114600123195,17.92073103293576
1991-01-01 16:50:00,-141.06713443793993,14.4070990163209
1991-01-01 16:51:00,-141.87507751486075,10.893096461943571
1991-01-01 16:52:00,-142.66985198706175,7.379092200018948
1991-01-01 16:53:00,-143.45587015674684,3.865419202269071
1991-01-01 16:54:00,-144.23729843930965,0.35238592110407463
1991-01-01 16:55:00,-145.0181939671172,-3.1597135984961873
1991-01-01 16:56:00,-145.80255923102314,-6.670589847224355
1991-01-01 16:57:00,-146.59449234452944,-10.17994958051337
1991-01-01 16:58:00,-147.39835096832658,-13.68748565329399
1991-01-01 16:59:00,-148.21883427256353,-17.19286680139147
1991-01-01 17:00:00,-149.06121516327954,-20.695725902137927
1991-01-01 17:01:00,-149.93149054656587,-24.19563777625752
1991-01-01 17:02:00,-150.8366408757543,-27.69211065013001
1991-01-01 17:03:00,-151.78503996276726,-31.184550297297612
1991-01-01 17:04:00,-152.7868101479547,-34.672229302613715
1991-01-01 17:05:00,-153.8545463001461,-38.154232420729535
1991-01-01 17:06:00,-155.00413543935096,-41.629391689297
1991-01-01 17:07:00,-156.2560817934576,-45.096194221414954
1991-01-01 17:08:00,-157.63733728893095,-48.55261486599449
1991-01-01 17:09:00,-159.18418389064206,-51.9959010568001
1991-01-01 17:10:00,-160.94664590407217,-55.422207397329046
1991-01-01 17:11:00,-162.9956070324276,-58.82602192492115
1991-01-01 17:12:00,-165.43464026428248,-62.199144997477795
1991-01-01 17:13:00,-168.42036183730517,-65.52896467069657
1991-01-01 17:14:00,-172.19872686350786,-68.7951064902833
1991-01-01 17:15:00,-177.17139144722228,-71.96296871790273
1991-01-01 17:16:00,175.98420894682567,-74.97026685851348
1991-01-01 17:17:00,166.12642914417805,-77.69858592247508
1991-01-01 17:18:00,151.56047700323558,-79.91865011972851
1991-01-01 17:19:00,131.0829414941337,-81.23505296903258
1991-01-01 17:20:00,107.44148477656351,-81.23055870455872
1991-01-01 17:21:00,86.99533398669786,-79.90654019433008
1991-01-01 17:22:00,72.4611763763418,-77.68098452498396
1991-01-01 17:23:00,62.62481604693133,-74.94828730976438
1991-01-01 17:24:00,55.793619424016,-71.93684324432742
1991-01-01 17:25:00,50.829185218251446,-68.7646096956392
1991-01-01 17:26:00,47.05609651318261,-65.4936730832551
1991-01-01 17:27:00,44.07385833663662,-62.158519032294556
1991-01-01 17:28:00,41.63717810495081,-58.77948784610585
1991-01-01 17:29:00,39.58981865595574,-55.36919146899141
1991-01-01 17:30:00,37.828439227509094,-51.93581929776608
1991-01-01 17:31:00,36.28229613528248,-48.48490720075216
1991-01-01 17:32:00,34.901460696443095,-45.02031081973612
1991-01-01 17:33:00,33.64970900272778,-41.544816871899314
1991-01-01 17:34:00,32.50011986352294,-38.060474413992765
1991-01-01 17:35:00,31.432233447169782,-34.56883048386347
1991-01-01 17:36:00,30.430166148753457,-31.07109402499453
1991-01-01 17:37:00,29.481343590011967,-27.56821272613327
1991-01-01 17:38:00,28.575621232480547,-24.060951568466745
1991-01-01 17:39:00,27.704657707635324,-20.549949174682343
1991-01-01 17:40:00,26.86144182629328,-17.035741714629914
1991-01-01 17:41:00,26.03997155972126,-13.518793641173016
1991-01-01 17:42:00,25.23498083206919,-9.99952159585102
1991-01-01 17:43:00,24.44173632224225,-6.478301665955102
1991-01-01 17:44:00,23.655876954455383,-2.955489448208925
1991-01-01 17:45:00,22.873263634071566,0.5685741348983926
1991-01-01 17:46:00,22.089852889102154,4.093550081868436
1991-01-01 17:47:00,21.301575634349103,7.619093948395795
1991-01-01 17:48:00,20.504214227999938,11.144847843240132
1991-01-01 17:49:00,19.69326928293891,14.670426714486988
1991-01-01 17:50:00,18.863802572396096,18.195410505502405
1991-01-01 17:51:00,18.010261152576284,21.719332202101885
1991-01-01 17:52:00,17.12624855132175,25.241650511793708
1991-01-01 17:53:00,16.20422765488339,28.761742179816103
1991-01-01 17:54:00,15.235143339969056,32.27886613064413
1991-01-01 17:55:00,14.20788715766737,35.792110534023585
1991-01-01 17:56:00,13.10857247962205,39.30036548421435
1991-01-01 17:57:00,11.91949801682536,42.80220688677448
1991-01-01 17:58:00,10.617632371396018,46.29581108119556
1991-01-01 17:59:00,9.172361781700381,49.77874652013309
1991-01-01 18:00:00,7.54203148531148,53.24772105240711
1991-01-01 18:01:00,5.668476018144309,56.69811405504411
1991-01-01 18:02:00,3.468094505088147,60.12325926341416
1991-01-01 18:03:00,0.8167482046171597,63.51313679000485
1991-01-01 18:04:00,-2.4767271248934697,66.85206793557641
1991-01-01 18:05:00,-6.718557411991709,70.11420726430953
1991-01-01 18:06:00,-12.418570547968082,73.25450284843878
1991-01-01 18:07:00,-20.44624641251404,76.18951709706329
1991-01-01 18:08:00,-32.231987127275744,78.75734037590793
1991-01-01 18:09:00,-49.56906312770828,80.65051854967372
1991-01-01 18:10:00,-72.37233610580743,81.41101230243045
1991-01-01 18:11:00,-95.4406853105002,80.75531414210923
1991-01-01 18:12:00,-113.2492082882037,78.93273280360468
1991-01-01 18:13:00,-125.39659044404465,76.40513250878226
1991-01-01 18:14:00,-133.65206250892064,73.4936550920376
1991-01-01 18:15:00,-139.49280315500866,70.36873426373005
1991-01-01 18:16:00,-143.82423591906397,67.11800135091086
1991-01-01 18:17:00,-147.17709382035318,63.78857782866395
1991-01-01 18:18:00,-149.86932216474042,60.4073473215625
1991-01-01 18:19:00,-152.09879153248096,56.990555434547375
1991-01-01 18:20:00,-153.99359529126923,53.54852258345447
1991-01-01 18:21:00,-155.63982114540403,50.08809261783214
1991-01-01 18:22:00,-157.09716494823132,46.61397836820768
1991-01-01 18:23:00,-158.40832904244198,43.129530042369
1991-01-01 18:24:00,-159.60462301519138,39.63718943294436
1991-01-01 18:25:00,-160.70955637760267,36.138797275915095
1991-01-01 18:26:00,-161.74116082908472,32.63575034496647
1991-01-01 18:27:00,-162.71358852159779,29.129155130744014
1991-01-01 18:28:00,-163.63810926727237,25.61988418991421
1991-01-01 18:29:00,-164.52390284035297,22.108651277245322
1991-01-01 18:30:00,-165.37859173195335,18.59604549655326
1991-01-01 18:31:00,-166.20865096140668,15.082563744100142
1991-01-01 18:32:00,-167.0196812838323,11.568637175577328
1991-01-01 18:33:00,-167.81661409581108,8.05463889006823
1991-01-01 18:34:00,-168.60397098257346,4.540909543257699
1991-01-01 18:35:00,-169.38597300102654,1.027760335639798
1991-01-01 18:36:00,-170.16666362315902,-2.4845120464434034
1991-01-01 18:37:00,-170.9500316794461,-5.995618173725824
1991-01-01 18:38:00,-171.74017528338987,-9.505266909394095
1991-01-01 18:39:00,-172.54138379378904,-13.013153883143325
1991-01-01 18:40:00,-173.3582880789009,-16.518954234101116
1991-01-01 18:41:00,-174.196010780603,-20.022306816015103
1991-01-01 18:42:00,-175.06041220120312,-23.52280267130873
1991-01-01 18:43:00,-175.95825422797964,-27.01996197919281
1991-01-01 18:44:00,-176.89759648415313,-30.513214418871645
1991-01-01 18:45:00,-177.88820614023678,-34.0018598959553
1991-01-01 18:46:00,-178.94214531030477,-37.485024146230025
1991-01-01 18:47:00,179.92544666397646,-40.96159726395568
1991-01-01 18:48:00,178.69504272651204,-44.430141494312
1991-01-01 18:49:00,177.34113530847543,-47.888740969236764
1991-01-01 18:50:00,175.82951882250322,-51.334807047034566
1991-01-01 18:51:00,174.11326986899743,-54.76474363310738
1991-01-01 18:52:00,172.12623123565734,-58.17341784029394
1991-01-01 18:53:00,169.77237046275252,-61.55326181899388
1991-01-01 18:54:00,166.90744761539068,-64.89269839856402
1991-01-01 18:55:00,163.30665384723,-68.17321093616447
1991-01-01 18:56:00,158.60554392453693,-71.36370158050414
1991-01-01 18:57:00,152.19243342600183,-74.40877749741425
1991-01-01 18:58:00,143.03097774885867,-77.20414852845786
1991-01-01 18:59:00,129.51317277756803,-79.54736103644662
1991-01-01 19:00:00,110.1373467815892,-81.07460499523981
1991-01-01 19:01:00,86.62628520546373,-81.34236207108265
1991-01-01 19:02:00,65.17192336202332,-80.24594595456635
1991-01-01 19:03:00,49.53419159690078,-78.1580390875635
1991-01-01 19:04:00,38.93883674125641,-75.50046029283573
1991-01-01 19:05:00,31.63602921653004,-72.53097407947016
1991-01-01 19:06:00,26.376375451817314,-69.38360924954993
1991-01-01 19:07:00,22.411693110340448,-66.12833426093269
1991-01-01 19:08:00,19.30005187732669,-62.80360307864559
1991-01-01 19:09:00,16.772712837240014,-59.43181872316626
1991-01-01 19:10:00,14.659797232591155,-56.02675427095605
1991-01-01 19:11:00,12.84972538555149,-52.59728896793597
1991-01-01 19:12:00,11.26659596519561,-49.14937190887309
1991-01-01 19:13:00,9.857134349771057,-45.68712852802612
1991-01-01 19:14:00,8.582892550666186,-42.21351629730566
1991-01-01 19:15:00,7.415418561119661,-38.730700386678606
1991-01-01 19:16:00,6.333175514017964,-35.240323456640354
1991-01-01 19:17:00,5.319514396372364,-31.743642261998176
1991-01-01 19:18:00,4.361305450163983,-28.24164888772902
1991-01-01 19:19:00,3.4479924045871533,-24.735140758418485
1991-01-01 19:20:00,2.5709231175107616,-21.22477698732148
1991-01-01 19:21:00,1.722863671551824,-17.711110819760773
1991-01-01 19:22:00,0.897638508483591,-14.194622076525558
1991-01-01 19:23:00,0.08985701489544233,-10.675732521797086
1991-01-01 19:24:00,-0.7053004881777376,-7.154825926829341
1991-01-01 19:25:00,-1.4922566349349182,-3.6322613034405773
1991-01-01 19:26:00,-2.275183396968614,-0.10838138171880282
1991-01-01 19:27:00,-3.0581324638388185,3.4164744966621297
1991-01-01 19:28:00,-3.8451582998698743,6.941964362006363
1991-01-01 19:29:00,-4.640439913616771,10.467732771002687
1991-01-01 19:30:00,-5.4484137263888455,13.993401288482398
1991-01-01 19:31:00,-6.273918073439402,17.51855754177436
1991-01-01 19:32:00,-7.122373136761672,21.042742200656885
1991-01-01 19:33:00,-7.9999939616135425,24.56543275565847
1991-01-01 19:34:00,-8.914069640499886,28.086024735037572
1991-01-01 19:35:00,-9.87333043584045,31.603794138742163
1991-01-01 19:36:00,-10.888439980476914,35.11787865538953
1991-01-01 19:37:00,-11.972682992344955,38.62719911509082
1991-01-01 19:38:00,-13.14292918492086,42.13040997057953
1991-01-01 19:39:00,-14.421037724869604,45.62576952361731
1991-01-01 19:40:00,-15.835945562383596,49.11097941554845
1991-01-01 19:41:00,-17.426840054052136,52.58294557067894
1991-01-01 19:42:00,-19.248156100012935,56.03734447926415
1991-01-01 19:43:00,-21.377684432270556,59.46798457482148
1991-01-01 19:44:00,-23.93017393642851,62.86562802649847
1991-01-01 19:45:00,-27.081058021318576,66.21593826722727
1991-01-01 19:46:00,-31.109196235279445,69.49553555947894
1991-01-01 19:47:00,-36.475658790685536,72.66411495696121
1991-01-01 19:48:00,-43.96506366844207,75.64787626569212
1991-01-01 19:49:00,-54.88931945337924,78.30452615469277
1991-01-01 19:50:00,-71.05109065238183,80.35983252878715
1991-01-01 19:51:00,-93.04510574214495,81.37302279026684
1991-01-01 19:52:00,-116.61818543593415,80.98592864924554
1991-01-01 19:53:00,-135.6113022723388,79.35056279589105
1991-01-01 19:54:00,-148.7204980067226,76.92769662180159
1991-01-01 19:55:00,-157.58915713452566,74.07313517141066
1991-01-01 19:56:00,-163.80822195874072,70.98065091147149
1991-01-01 19:57:00,-168.37954462682518,67.74958211327277
1991-01-01 19:58:00,-171.89075363383196,64.4327671202337
1991-01-01 19:59:00,-174.69169126904913,61.060019708081406
1991-01-01 20:00:00,-176.99842373668088,57.649146179982104
1991-01-01 20:01:00,-178.94979512217517,54.21138219712046
1991-01-01 20:02:00,179.36153258572187,50.75410436380008
1991-01-01 20:03:00,177.87164976168864,47.28236018981762
1991-01-01 20:04:00,176.5351320052789,43.7997184490144
1991-01-01 20:05:00,175.31879825750468,40.308774613275034
1991-01-01 20:06:00,174.1978685920572,36.81145821104005
1991-01-01 20:07:00,173.1533687434222,33.309251393359325
1991-01-01 20:08:00,172.17053184261403,29.803298216918858
1991-01-01 20:09:00,171.23758264350366,26.294517342162003
1991-01-01 20:10:00,170.3449862020097,22.783648137066415
1991-01-01 20:11:00,169.48484681945166,19.27130019601552
1991-01-01 20:12:00,168.65052555195626,15.757987490744362
1991-01-01 20:13:00,167.8362440594857,12.244148860907114
1991-01-01 20:14:00,167.0369753228108,8.730169358418232
1991-01-01 20:15:00,166.24810213405266,5.216395615378097
1991-01-01 20:16:00,165.46538977592587,1.7031419272102353
1991-01-01 20:17:00,164.68476745568512,-1.8092923517006363
1991-01-01 20:18:00,163.90223268247675,-5.3206170450364985
1991-01-01 20:19:00,163.11371466355547,-8.830542403366154
1991-01-01 20:20:00,162.31499234201416,-12.338767471479299
1991-01-01 20:21:00,161.50148949110897,-15.84497336491906
1991-01-01 20:22:00,160.66820641236743,-19.348804060074947
1991-01-01 20:23:00,159.80943306764337,-22.849865113522398
1991-01-01 20:24:00,158.91861247533365,-26.347690364850553
1991-01-01 20:25:00,157.98794455940603,-29.841728276283934
1991-01-01 20:26:00,157.00804463994098,-33.3313060741893
1991-01-01 20:27:00,155.96736969724117,-36.8155904754879
1991-01-01 20:28:00,154.85141240950946,-40.29352621595298
1991-01-01 20:29:00,153.64162198296012,-43.76373701246678
1991-01-01 20:30:00,152.3138195479313,-47.2244196950884
1991-01-01 20:31:00,150.83571197002718,-50.673135886284165
1991-01-01 20:32:00,149.16324452910118,-54.10651830279325
1991-01-01 20:33:00,147.23463133392136,-57.51978239710206
1991-01-01 20:34:00,144.96069743468405,-60.90592381021675
1991-01-01 20:35:00,142.20841806711405,-64.25430110741044
1991-01-01 20:36:00,138.77201329189722,-67.54807104218987
1991-01-01 20:37:00,134.32036919844973,-70.75919568801217
1991-01-01 20:38:00,128.30088250178247,-73.83834058850229
1991-01-01 20:39:00,119.77523547409744,-76.69350992572936
1991-01-01 20:40:00,107.2400966488857,-79.14634013970766
1991-01-01 20:41:00,89.0189687736109,-80.86646864066202
1991-01-01 20:42:00,65.89882624444192,-81.40192132064516
1991-01-01 20:43:00,43.57922969732264,-80.5487555612297
1991-01-01 20:44:00,26.794936274344863,-78.614603082633
1991-01-01 20:45:00,15.372631632866828,-76.04145908642492
1991-01-01 20:46:00,7.5524594766267965,-73.11869819717141
1991-01-01 20:47:00,1.9705541852216952,-69.99869510506626
1991-01-01 20:48:00,-2.201674980130233,-66.76046826861737
1991-01-01 20:49:00,-5.452444391772799,-63.4469590871366
1991-01-01 20:50:00,-8.076606485986282,-60.082920166176066
1991-01-01 20:51:00,-10.259138793750497,-56.68341890304483
1991-01-01 20:52:00,-12.120670139770684,-53.25807903428343
1991-01-01 20:53:00,-13.74273334594293,-49.81330727733335
1991-01-01 20:54:00,-15.18222474182709,-46.35352276458759
1991-01-01 20:55:00,-16.47999995771724,-42.88187079815892
1991-01-01 20:56:00,-17.666151099549165,-39.400649736703066
1991-01-01 20:57:00,-18.763361225556476,-35.91158078789086
1991-01-01 20:58:00,-19.789096836994187,-32.41599242351589
1991-01-01 20:59:00,-20.757079783904857,-28.914912587048224
1991-01-01 21:00:00,-21.67830325575762,-25.40918139175578
1991-01-01 21:01:00,-22.561743828669165,-21.89947844146097
1991-01-01 21:02:00,-23.414875437138775,-18.386372349412206
1991-01-01 21:03:00,-24.244053572189156,-14.870356596777016
1991-01-01 21:04:00,-25.054802149311545,-11.351864046794049
1991-01-01 21:05:00,-25.852037197161067,-7.831284020245996
1991-01-01 21:06:00,-26.64024273492783,-4.308979370932516
1991-01-01 21:07:00,-27.42363128178244,-0.7852953969326625
1991-01-01 21:08:00,-28.206268507828355,2.7394290069768537
1991-01-01 21:09:00,-28.99219617750692,6.2648518510898565
1991-01-01 21:10:00,-29.78556363073892,9.790621967633472
1991-01-01 21:11:00,-30.59074389614046,13.316364763420408
1991-01-01 21:12:00,-31.41248395518469,16.84167554974234
1991-01-01 21:13:00,-32.25608061957297,20.36610780298228
1991-01-01 21:14:00,-33.127578606720746,23.88914840517883
1991-01-01 21:15:00,-34.03403008694606,27.41021166761066
1991-01-01 21:16:00,-34.983856683495546,30.928602618529723
1991-01-01 21:17:00,-35.987307095218796,34.4434828522154
1991-01-01 21:18:00,-37.05709913435039,37.9538244251976
1991-01-01 21:19:00,-38.2093144812911,41.458336431723204
1991-01-01 21:20:00,-39.46472715640154,44.95536596601305
1991-01-01 21:21:00,-40.85070231259136,48.44274102791108
1991-01-01 21:22:00,-42.404143461946134,51.91754171154712
1991-01-01 21:23:00,-44.17605162699835,55.375724544932524
1991-01-01 21:24:00,-46.23889169974726,58.81152826350238
1991-01-01 21:25:00,-48.69887653688115,62.216411715699586
1991-01-01 21:26:00,-51.71723275375816,65.57726093831772
1991-01-01 21:27:00,-55.548279029029146,68.87287502417307
1991-01-01 21:28:00,-60.609466279481516,72.06711544236708
1991-01-01 21:29:00,-67.60859334842536,75.09457630140771
1991-01-01 21:30:00,-77.74173905765122,77.83015585645704
1991-01-01 21:31:00,-92.76563489187554,80.03069937306257
1991-01-01 21:32:00,-113.78558987391396,81.28145727425365
1991-01-01 21:33:00,-137.60594973641432,81.169544624703
1991-01-01 21:34:00,-157.74869669315882,79.7398562578251
1991-01-01 21:35:00,-171.88931929410626,77.4348245072967
1991-01-01 21:36:00,178.56953117032387,74.64408434451036
1991-01-01 21:37:00,171.93590118424575,71.58756103055131
1991-01-01 21:38:00,167.10355600684008,68.37804147918398
1991-01-01 21:39:00,163.4214010252862,65.07490735505246
1991-01-01 21:40:00,160.50395402320694,61.711278245442124
1991-01-01 21:41:00,158.11491777607657,58.30673630270342
1991-01-01 21:42:00,156.10360465042623,54.87350415035608
1991-01-01 21:43:00,154.37014362021202,51.419559449350665
1991-01-01 21:44:00,152.84606886919372,47.95031512460443
1991-01-01 21:45:00,151.4829816769126,44.46957559148506
1991-01-01 21:46:00,150.24572022952148,40.98009341622808
1991-01-01 21:47:00,149.10808392136417,37.483914240489895
1991-01-01 21:48:00,148.0501695811992,33.982585102117525
1991-01-01 21:49:00,147.05648633998908,30.47731152949947
1991-01-01 21:50:00,146.11475351760606,26.969048041572243
1991-01-01 21:51:00,145.21506733975366,23.458564742164764
1991-01-01 21:52:00,144.34924523980615,19.946493423775255
1991-01-01 21:53:00,143.5104297078369,16.433363426064393
1991-01-01 21:54:00,142.69271946040297,12.919628956611986
1991-01-01 21:55:00,141.8909372141135,9.405681897521662
1991-01-01 21:56:00,141.10041111957622,5.8918748573093245
1991-01-01 21:57:00,140.31683815761403,2.37852864142255
1991-01-01 21:58:00,139.53613387510322,-1.1340562218151793
1991-01-01 21:59:00,138.75428212081187,-4.645588595590492
1991-01-01 22:00:00,137.9672394227513,-8.155779477524131
1991-01-01 22:01:00,137.17082570514947,-11.664330687170146
1991-01-01 22:02:00,136.3605330431542,-15.170925901392597
1991-01-01 22:03:00,135.5314710213197,-18.67522275695934
1991-01-01 22:04:00,134.67809352603996,-22.17683022554039
1991-01-01 22:05:00,133.7939938398735,-25.67529922219782
1991-01-01 22:06:00,132.87167241511168,-29.170098699723656
1991-01-01 22:07:00,131.90205876053665,-32.660578082599464
1991-01-01 22:08:00,130.8741016300714,-36.14594506888152
1991-01-01 22:09:00,129.77392207932243,-39.62518537547806
1991-01-01 22:10:00,128.5838572390961,-43.09699785135223
1991-01-01 22:11:00,127.28097133415947,-46.55967494921149
1991-01-01 22:12:00,125.83476073967931,-50.010918310400164
1991-01-01 22:13:00,124.20382084890699,-53.4475689724271
1991-01-01 22:14:00,122.33036826146419,-56.8651634066697
1991-01-01 22:15:00,120.13152546196199,-60.25721293341645
1991-01-01 22:16:00,117.48443100761018,-63.61392306139756
1991-01-01 22:17:00,114.20044873391137,-66.91993952535883
1991-01-01 22:18:00,109.97830582676546,-70.14994281404702
1991-01-01 22:19:00,104.31841492952104,-73.2598713771264
1991-01-01 22:20:00,96.37260315104591,-76.16846645404131
1991-01-01 22:21:00,84.75059231597317,-78.71877029766486
1991-01-01 22:22:00,67.69897041152298,-80.61381994326324
1991-01-01 22:23:00,45.205671908526504,-81.40815728335738
1991-01-01 22:24:00,22.209698803373783,-80.81134218387083
1991-01-01 22:25:00,4.257025963897637,-79.0481151892537
1991-01-01 22:26:00,-8.06223491419893,-76.56992448288716
1991-01-01 22:27:00,-16.45001884235547,-73.69933257851419
1991-01-01 22:28:00,-22.3841435423232,-70.60951209235134
1991-01-01 22:29:00,-26.781537150740593,-67.38987020063405
1991-01-01 22:30:00,-30.182097093193182,-64.08847777474087
1991-01-01 22:31:00,-32.90979119484572,-60.732730703432736
1991-01-01 22:32:00,-35.16632860226702,-57.33913755393356
1991-01-01 22:33:00,-37.082292287103975,-53.918151930768055
1991-01-01 22:34:00,-38.74536480282663,-50.47668940047084
1991-01-01 22:35:00,-40.216382644372274,-47.019479869042165
1991-01-01 22:36:00,-41.538792645051366,-43.54987354426992
1991-01-01 22:37:00,-42.744450807152845,-40.07030538859321
1991-01-01 22:38:00,-43.85726962296093,-36.58259564742584
1991-01-01 22:39:00,-44.89558473530251,-33.08813426426392
1991-01-01 22:40:00,-45.873746371623795,-29.588003824090887
1991-01-01 22:41:00,-46.80321217425747,-26.08307517602592
1991-01-01 22:42:00,-47.69329510613685,-22.574050122006234
1991-01-01 22:43:00,-48.551733771591564,-19.061522888489627
1991-01-01 22:44:00,-49.38506807675189,-15.545997201927385
1991-01-01 22:45:00,-50.19896366353437,-12.027914463294618
1991-01-01 22:46:00,-50.99844072097895,-8.507673384884127
1991-01-01 22:47:00,-51.78805157016744,-4.985641089363801
1991-01-01 22:48:00,-52.57205483404735,-1.4621648491642518
1991-01-01 22:49:00,-53.35452813555318,2.0624155338033123
1991-01-01 22:50:00,-54.139511531579,5.587758976967214
1991-01-01 22:51:00,-54.93112021109972,9.113517140679782
1991-01-01 22:52:00,-55.733681098954555,12.639320554395601
1991-01-01 22:53:00,-56.551855799252046,16.16477135959552
1991-01-01 22:54:00,-57.39081476519388,19.68942900907807
1991-01-01 22:55:00,-58.25644561984461,23.212800875449364
1991-01-01 22:56:00,-59.15558538256344,26.73431151527183
1991-01-01 22:57:00,-60.09635514827348,30.253288154912223
1991-01-01 22:58:00,-61.088617710136255,33.76892995469036
1991-01-01 22:59:00,-62.144544465252714,37.28024482962929
1991-01-01 23:00:00,-63.279489678877056,40.78600334567841
1991-01-01 23:01:00,-64.51320625808894,44.28462431404487
1991-01-01 23:02:00,-65.87159428022107,47.77405867797766
1991-01-01 23:03:00,-67.38944672890551,51.251547041052106
1991-01-01 23:04:00,-69.11458175852148,54.71330547846801
1991-01-01 23:05:00,-71.11459092109544,58.15395863134857
1991-01-01 23:06:00,-73.48791090294561,61.565617631202436
1991-01-01 23:07:00,-76.38292073360138,64.93624768471203
1991-01-01 23:08:00,-80.03190831654567,68.24658082822874
1991-01-01 23:09:00,-84.81330711293222,71.46415317262752
1991-01-01 23:10:00,-91.36569199883304,74.5308739590174
1991-01-01 23:11:00,-100.77493327868594,77.3366541983561
1991-01-01 23:12:00,-114.71534937468195,79.66678006389512
1991-01-01 23:13:00,-134.6450763915921,81.1379754903592
1991-01-01 23:14:00,-158.43922881824713,81.30318410600346
1991-01-01 23:15:00,-179.65374173879337,80.09723907595684
1991-01-01 23:16:00,165.11091661838054,77.92456956135412
1991-01-01 23:17:00,154.83342169123566,75.20551223390707
1991-01-01 23:18:00,147.74509235173144,72.18895918697093
1991-01-01 23:19:00,142.62831077652973,69.00309258069936
1991-01-01 23:20:00,138.76133087603532,65.71482777839095
1991-01-01 23:21:00,135.71882311025314,62.3610204808071
1991-01-01 23:22:00,133.24203259266645,58.963247255535876
1991-01-01 23:23:00,131.16715772659998,55.53484404693173
1991-01-01 23:24:00,129.38641812695093,52.084427138632634
1991-01-01 23:25:00,127.82640292052001,48.61782268200061
1991-01-01 23:26:00,126.4354622168036,45.13908780940264
1991-01-01 23:27:00,125.17628952255507,41.65114242670891
1991-01-01 23:28:00,124.02122257163586,38.15615170388631
1991-01-01 23:29:00,122.94932000405075,34.65574464105189
1991-01-01 23:30:00,121.9443396299534,31.1511848232021
1991-01-01 23:31:00,120.99346801446092,27.643467750408472
1991-01-01 23:32:00,120.08639157192654,24.133394262351192
1991-01-01 23:33:00,119.21462720740114,20.62162005719058
1991-01-01 23:34:00,118.3711125052829,17.108691550060236
1991-01-01 23:35:00,117.54976859721053,13.59507490137101
1991-01-01 23:36:00,116.74530891676642,10.081173092283937
1991-01-01 23:37:00,115.95296599190992,6.567345988390912
1991-01-01 23:38:00,115.16838216195056,3.053918023677509
1991-01-01 23:39:00,114.38744565300799,-0.45880627146882347
1991-01-01 23:40:00,113.60612665347189,-3.9705349598219213
1991-01-01 23:41:00,112.8204090121103,-7.480979839415321
1991-01-01 23:42:00,112.02613314371868,-10.989844383989508
1991-01-01 23:43:00,111.21888674609322,-14.496818673710896
1991-01-01 23:44:00,110.39384770567986,-18.001562906668273
1991-01-01 23:45:00,109.54560651265598,-21.50370142245729
1991-01-01 23:46:00,108.66796818544437,-25.002793673876482
1991-01-01 23:47:00,107.75364491220061,-28.498327396738098
1991-01-01 23:48:00,106.79392820173295,-31.98968275137496
1991-01-01 23:49:00,105.77816978912533,-35.47609134150544
1991-01-01 23:50:00,104.69311227719876,-38.95658840290927
1991-01-01 23:51:00,103.5219329100275,-42.42994108644127
1991-01-01 23:52:00,102.24283655397005,-45.89452722217356
1991-01-01 23:53:00,100.82702030129644,-49.34818164013924
1991-01-01 23:54:00,99.23549743222426,-52.78793662314395
1991-01-01 23:55:00,97.41418650890535,-56.20962575579397
1991-01-01 23:56:00,95.28595420504273,-59.60722481124136
1991-01-01 23:57:00,92.73720081436078,-62.97171452468711
1991-01-01 23:58:00,89.59473323007546,-66.28906227248143
1991-01-01 23:59:00,85.58405297963314,-69.53635276995894
